2016-09-24 10:46:00,2016-09-24 11:20:30,1.5,1.0,1,w,5700 Stony Island
2016-09-24 11:31:30,2016-09-24 12:06:00,10.0,21.5,1,w,5700 Stony Island
2016-09-24 12:39:36,2016-09-24 13:13:30,0,67.25,1,w,5700 Stony Island
2016-09-24 14:28:45,2016-09-24 15:03:15,1.0,2.0,1,w,5700 Stony Island
2016-09-25 11:23:30,2016-09-25 11:58:30,0,4.01666666667,1,w,5700 Stony Island
2016-09-25 12:10:48,2016-09-25 12:46:00,2.5,5.5,1,w,5700 Stony Island
2016-09-25 13:47:30,2016-09-25 14:23:01,0.483333333333,1.0,1,w,5700 Stony Island
2016-09-25 14:41:00,2016-09-25 15:16:30,0.25,1.75,1,w,5700 Stony Island
2016-09-25 15:35:30,2016-09-25 16:11:00,2.0,20.25,1,w,5700 Stony Island
2016-09-25 16:59:15,2016-09-25 17:34:00,0,1.25,1,w,5700 Stony Island
2016-09-25 17:46:15,2016-09-25 18:21:45,0.0833333333333,0.0,1,w,5700 Stony Island
2016-09-25 18:49:00,2016-09-25 19:23:30,0,3.25,1,w,5700 Stony Island
2016-09-26 17:52:00,2016-09-26 18:26:15,0,6.0,1,w,5700 Stony Island
2016-09-26 19:06:30,2016-09-26 19:42:00,1.25,8.25,1,w,5700 Stony Island
2016-09-26 21:54:20,2016-09-26 22:29:50,0.416666666667,26.5,1,w,5700 Stony Island
2016-09-27 10:24:45,2016-09-27 11:00:15,8.0,3.83333333333,1,w,5700 Stony Island
2016-09-27 16:06:15,2016-09-27 16:41:45,1.58333333333,4.41666666667,1,w,5700 Stony Island
2016-09-27 16:51:15,2016-09-27 17:25:00,0,37.25,1,w,5700 Stony Island
2016-09-28 10:43:30,2016-09-28 11:16:45,0,113.416666667,1,w,5700 Stony Island
2016-09-28 19:17:30,2016-09-28 19:53:00,2.83333333333,318.666666667,1,w,5700 Stony Island
2016-09-29 13:45:00,2016-09-29 14:20:20,0,21.5,1,w,5700 Stony Island
2016-09-29 14:47:05,2016-09-29 15:22:20,0,1.83333333333,1,w,5700 Stony Island
2016-09-29 17:55:40,2016-09-29 18:31:10,0,168.416666667,1,w,5700 Stony Island
2016-09-30 01:09:20,2016-09-30 01:44:50,0.833333333333,0.166666666667,1,w,5700 Stony Island
2016-09-30 08:30:40,2016-09-30 09:04:35,0,8.58333333333,1,w,5700 Stony Island
2016-09-30 11:14:50,2016-09-30 11:49:01,0,0.65,1,w,5700 Stony Island
2016-09-30 12:41:50,2016-09-30 13:17:20,1.0,54.1666666667,1,w,5700 Stony Island
2016-09-30 14:48:30,2016-09-30 15:23:30,0,118.0,1,w,5700 Stony Island
2016-09-30 19:49:20,2016-09-30 20:24:50,0,46.8333333333,1,w,5700 Stony Island
2016-10-01 10:25:45,2016-10-01 11:01:10,0.333333333333,35.1666666667,1,w,5700 Stony Island
2016-10-01 12:07:40,2016-10-01 12:42:20,0,7.0,1,w,5700 Stony Island
2016-10-01 16:07:30,2016-10-01 16:43:00,2.33333333333,1.33333333333,1,w,5700 Stony Island
2016-10-01 20:31:20,2016-10-01 21:06:50,2.16666666667,4.66666666667,1,w,5700 Stony Island
2016-10-01 22:49:30,2016-10-01 23:25:00,0.5,2.33333333333,1,w,5700 Stony Island
2016-10-02 02:46:20,2016-10-02 03:21:20,0,11.0,1,w,5700 Stony Island
2016-10-02 08:34:10,2016-10-02 09:09:30,0,5.0,1,w,5700 Stony Island
2016-10-02 09:17:40,2016-10-02 09:53:10,0.166666666667,0.166666666667,1,w,5700 Stony Island
2016-10-02 12:05:01,2016-10-02 12:40:30,6.85,39.3166666667,1,w,5700 Stony Island
2016-10-02 16:25:30,2016-10-02 17:00:20,0,5.66666666667,1,w,5700 Stony Island
2016-10-02 17:11:30,2016-10-02 17:46:40,0,1.0,1,w,5700 Stony Island
2016-10-02 22:13:30,2016-10-02 22:49:00,0,1.33333333333,1,w,5700 Stony Island
2016-10-02 23:05:00,2016-10-02 23:40:30,0.833333333333,0.166666666667,1,w,5700 Stony Island
2016-10-03 09:16:30,2016-10-03 09:50:20,0,48.3333333333,1,w,5700 Stony Island
2016-10-03 10:51:30,2016-10-03 11:26:00,1.16666666667,0.166666666667,1,w,5700 Stony Island
2016-10-03 14:30:50,2016-10-03 15:05:20,4.5,11.0,1,w,5700 Stony Island
2016-10-03 18:54:50,2016-10-03 19:29:20,1.0,0.666666666667,1,w,5700 Stony Island
2016-10-04 07:25:00,2016-10-04 07:59:30,9.5,4.16666666667,1,w,5700 Stony Island
2016-10-04 16:53:20,2016-10-04 17:27:10,0,15.0,1,w,5700 Stony Island
2016-10-04 18:00:40,2016-10-04 18:35:10,1.16666666667,65.5,1,w,5700 Stony Island
2016-10-04 23:52:00,2016-10-05 00:26:30,10.0,0.0,1,w,5700 Stony Island
2016-10-05 19:36:10,2016-10-05 20:10:40,5.0,10.6666666667,1,w,5700 Stony Island
2016-10-06 13:23:50,2016-10-06 13:58:25,1.58333333333,0.333333333333,1,w,5700 Stony Island
2016-10-06 14:04:40,2016-10-06 14:39:10,1.16666666667,30.8333333333,1,w,5700 Stony Island
2016-10-06 19:20:55,2016-10-06 19:55:20,0,1.83333333333,1,w,5700 Stony Island
2016-10-06 21:54:30,2016-10-06 22:28:40,0,12.5,1,w,5700 Stony Island
2016-10-07 11:16:00,2016-10-07 11:50:30,0.333333333333,71.0,1,w,5700 Stony Island
2016-10-07 13:44:40,2016-10-07 14:19:00,0.166666666667,31.0,1,w,5700 Stony Island
2016-10-07 14:52:10,2016-10-07 15:26:40,0.5,137.333333333,1,w,5700 Stony Island
2016-10-07 19:27:30,2016-10-07 20:02:00,0.833333333333,4.0,1,w,5700 Stony Island
2016-10-07 20:17:40,2016-10-07 20:52:10,4.5,25.8333333333,1,w,5700 Stony Island
2016-10-08 00:02:52,2016-10-08 00:37:10,2.0,14.1666666667,1,w,5700 Stony Island
2016-10-08 13:50:10,2016-10-08 14:24:40,1.83333333333,13.8333333333,1,w,5700 Stony Island
2016-10-08 15:10:35,2016-10-08 15:45:10,0.5,0.166666666667,1,w,5700 Stony Island
2016-10-08 16:26:40,2016-10-08 17:01:00,1.01666666667,9.98333333333,1,w,5700 Stony Island
2016-10-08 20:23:15,2016-10-08 20:57:40,1.66666666667,59.6666666667,1,w,5700 Stony Island
2016-10-08 22:07:50,2016-10-08 22:42:20,2.66666666667,1.16666666667,1,w,5700 Stony Island
2016-10-08 23:13:50,2016-10-08 23:48:20,3.16666666667,0.166666666667,1,w,5700 Stony Island
2016-10-09 10:16:10,2016-10-09 10:50:35,11.25,72.5,1,w,5700 Stony Island
2016-10-09 13:09:50,2016-10-09 13:44:20,5.16666666667,11.5,1,w,5700 Stony Island
2016-10-09 14:04:30,2016-10-09 14:39:00,0,5.83333333333,1,w,5700 Stony Island
2016-10-09 16:44:50,2016-10-09 17:19:20,3.33333333333,0.0,1,w,5700 Stony Island
2016-10-09 18:19:40,2016-10-09 18:54:00,0,0.166666666667,1,w,5700 Stony Island
2016-10-10 14:13:05,2016-10-10 14:47:30,1.83333333333,17.3333333333,1,w,5700 Stony Island
2016-10-10 21:15:35,2016-10-10 21:50:00,1.33333333333,1.0,1,w,5700 Stony Island
2016-10-11 10:37:40,2016-10-11 11:12:10,1.08333333333,12.25,1,w,5700 Stony Island
2016-10-11 15:38:25,2016-10-11 16:12:50,0.416666666667,0.916666666667,1,w,5700 Stony Island
2016-10-11 18:14:40,2016-10-11 18:49:10,1.0,1.16666666667,1,w,5700 Stony Island
2016-10-11 21:17:00,2016-10-11 21:51:20,0,111.5,1,w,5700 Stony Island
2016-10-12 09:22:20,2016-10-12 09:56:40,1.5,39.8333333333,1,w,5700 Stony Island
2016-10-12 11:13:00,2016-10-12 11:47:30,1.83333333333,0.0,1,w,5700 Stony Island
2016-10-12 20:22:00,2016-10-12 20:56:30,1.16666666667,0.5,1,w,5700 Stony Island
2016-10-12 21:09:20,2016-10-12 21:43:50,0.833333333333,3.16666666667,1,w,5700 Stony Island
2016-10-13 12:53:50,2016-10-13 13:28:20,0,0.25,1,w,5700 Stony Island
2016-10-13 16:46:20,2016-10-13 17:20:40,0,17.0,1,w,5700 Stony Island
2016-10-13 18:40:20,2016-10-13 19:14:50,0.833333333333,7.16666666667,1,w,5700 Stony Island
2016-10-13 19:25:45,2016-10-13 20:00:10,0.833333333333,28.3333333333,1,w,5700 Stony Island
2016-10-14 13:44:20,2016-10-14 14:18:50,8.66666666667,2.18333333333,1,w,5700 Stony Island
2016-10-14 14:52:00,2016-10-14 15:26:30,13.1666666667,17.1666666667,1,w,5700 Stony Island
2016-10-14 17:23:40,2016-10-14 17:58:10,9.33333333333,28.3333333333,1,w,5700 Stony Island
2016-10-14 19:59:40,2016-10-14 20:34:10,0.833333333333,10.3333333333,1,w,5700 Stony Island
2016-10-15 02:22:20,2016-10-15 02:56:40,1.66666666667,6.66666666667,1,w,5700 Stony Island
2016-10-15 14:58:40,2016-10-15 15:33:15,0.0833333333333,6.5,1,w,5700 Stony Island
2016-10-15 15:43:15,2016-10-15 16:17:40,0.333333333333,2.16666666667,1,w,5700 Stony Island
2016-10-15 16:26:30,2016-10-15 17:01:00,0.833333333333,0.166666666667,1,w,5700 Stony Island
2016-10-15 17:10:00,2016-10-15 17:43:50,0,17.8333333333,1,w,5700 Stony Island
2016-10-15 19:39:10,2016-10-15 20:13:30,6.33333333333,6.83333333333,1,w,5700 Stony Island
2016-10-16 07:13:15,2016-10-16 07:47:30,1.83333333333,9.5,1,w,5700 Stony Island
2016-10-16 10:09:10,2016-10-16 10:43:40,1.33333333333,8.5,1,w,5700 Stony Island
2016-10-16 10:55:55,2016-10-16 11:30:30,2.83333333333,1.16666666667,1,w,5700 Stony Island
2016-10-16 12:59:30,2016-10-16 13:34:00,2.33333333333,16.5,1,w,5700 Stony Island
2016-10-16 21:46:40,2016-10-16 22:21:00,1.16666666667,9.5,1,w,5700 Stony Island
2016-10-16 22:57:40,2016-10-16 23:32:10,1.16666666667,4.5,1,w,5700 Stony Island
2016-10-17 10:44:10,2016-10-17 11:18:40,5.33333333333,0.166666666667,1,w,5700 Stony Island
2016-10-17 14:09:20,2016-10-17 14:43:50,1.5,24.6666666667,1,w,5700 Stony Island
2016-10-17 15:12:20,2016-10-17 15:46:50,0.333333333333,32.1666666667,1,w,5700 Stony Island
2016-10-17 20:52:40,2016-10-17 21:27:10,1.5,0.833333333333,1,w,5700 Stony Island
2016-10-17 21:59:20,2016-10-17 22:32:41,0,2.81666666667,1,w,5700 Stony Island
2016-10-18 08:53:50,2016-10-18 09:28:20,1.16666666667,71.5,1,w,5700 Stony Island
2016-10-18 12:46:10,2016-10-18 13:20:40,1.0,14.1666666667,1,w,5700 Stony Island
2016-10-18 17:25:40,2016-10-18 18:00:10,0.916666666667,71.4166666667,1,w,5700 Stony Island
2016-10-18 19:27:10,2016-10-18 20:00:55,0,4.25,1,w,5700 Stony Island
2016-10-18 22:31:10,2016-10-18 23:05:40,0.666666666667,4.33333333333,1,w,5700 Stony Island
2016-10-19 11:05:20,2016-10-19 11:39:50,0.333333333333,1.33333333333,1,w,5700 Stony Island
2016-10-19 12:17:50,2016-10-19 12:52:20,1.83333333333,7.16666666667,1,w,5700 Stony Island
2016-10-19 15:20:50,2016-10-19 15:55:20,1.0,34.3333333333,1,w,5700 Stony Island
2016-10-20 15:55:20,2016-10-20 16:29:50,1.08333333333,44.4166666667,1,w,5700 Stony Island
2016-10-20 17:16:40,2016-10-20 17:50:30,0,9.16666666667,1,w,5700 Stony Island
2016-10-21 08:58:00,2016-10-21 09:32:30,0.916666666667,1.25,1,w,5700 Stony Island
2016-10-21 09:40:40,2016-10-21 10:15:10,4.16666666667,24.3333333333,1,w,5700 Stony Island
2016-10-21 11:25:10,2016-10-21 11:59:40,0.833333333333,86.0,1,w,5700 Stony Island
2016-10-21 16:41:30,2016-10-21 17:15:55,1.25,3.16666666667,1,w,5700 Stony Island
2016-10-22 01:35:20,2016-10-22 02:09:50,9.83333333333,4.33333333333,1,w,5700 Stony Island
2016-10-22 03:31:40,2016-10-22 04:06:10,2.66666666667,0.833333333333,1,w,5700 Stony Island
2016-10-23 12:25:30,2016-10-23 13:00:00,4.18333333333,0.0,1,w,5700 Stony Island
2016-10-23 17:05:10,2016-10-23 17:39:40,0.5,10.6666666667,1,w,5700 Stony Island
2016-10-23 18:50:45,2016-10-23 19:25:10,3.33333333333,1.66666666667,1,w,5700 Stony Island
2016-10-23 22:26:40,2016-10-23 23:01:10,1.16666666667,16.0833333333,1,w,5700 Stony Island
2016-10-23 23:19:50,2016-10-23 23:54:20,2.16666666667,28.0,1,w,5700 Stony Island
2016-10-24 17:19:50,2016-10-24 17:54:20,0.666666666667,160.166666667,1,w,5700 Stony Island
2016-10-24 21:43:00,2016-10-24 22:17:20,0,86.3333333333,1,w,5700 Stony Island
2016-10-25 01:48:35,2016-10-25 02:23:00,0.333333333333,2.33333333333,1,w,5700 Stony Island
2016-10-25 09:15:00,2016-10-25 09:49:30,11.5,26.3333333333,1,w,5700 Stony Island
2016-10-25 15:13:50,2016-10-25 15:48:00,1.33333333333,7.33333333333,1,w,5700 Stony Island
2016-10-25 20:40:30,2016-10-25 21:15:00,0.5,37.5,1,w,5700 Stony Island
2016-10-26 17:30:20,2016-10-26 18:04:50,4.5,4.33333333333,1,w,5700 Stony Island
2016-10-26 22:07:40,2016-10-26 22:42:00,2.66666666667,4.66666666667,1,w,5700 Stony Island
2016-10-26 23:38:30,2016-10-27 00:13:10,7.0,388.0,1,w,5700 Stony Island
2016-10-27 12:55:30,2016-10-27 13:30:00,6.08333333333,7.25,1,w,5700 Stony Island
2016-10-27 13:59:10,2016-10-27 14:33:45,3.08333333333,327.0,1,w,5700 Stony Island
2016-10-27 21:35:30,2016-10-27 22:10:00,0.916666666667,2.75,1,w,5700 Stony Island
2016-10-28 11:01:10,2016-10-28 11:35:30,1.33333333333,0.216666666667,1,w,5700 Stony Island
2016-10-28 11:39:30,2016-10-28 12:14:00,5.83333333333,0.666666666667,1,w,5700 Stony Island
2016-10-28 18:02:20,2016-10-28 18:36:50,1.16666666667,0.666666666667,1,w,5700 Stony Island
2016-10-29 08:47:30,2016-10-29 09:22:00,1.33333333333,92.0,1,w,5700 Stony Island
2016-10-29 13:44:30,2016-10-29 14:19:00,1.5,1.5,1,w,5700 Stony Island
2016-10-29 15:13:40,2016-10-29 15:48:10,1.33333333333,38.5,1,w,5700 Stony Island
2016-10-29 16:42:00,2016-10-29 17:16:30,1.16666666667,34.5,1,w,5700 Stony Island
2016-10-29 22:05:40,2016-10-29 22:40:10,5.16666666667,22.0,1,w,5700 Stony Island
2016-10-30 12:28:00,2016-10-30 13:01:50,0,66.0,1,w,5700 Stony Island
2016-10-30 16:15:50,2016-10-30 16:51:00,0,40.5,1,w,5700 Stony Island
2016-10-30 18:39:00,2016-10-30 19:14:20,0,8.16666666667,1,w,5700 Stony Island
2016-10-30 21:02:00,2016-10-30 21:37:20,0,13.5833333333,1,w,5700 Stony Island
2016-10-30 21:53:30,2016-10-30 22:28:50,0.166666666667,45.1666666667,1,w,5700 Stony Island
2016-10-31 16:42:30,2016-10-31 17:18:00,0.166666666667,13.8333333333,1,w,5700 Stony Island
2016-11-01 13:48:30,2016-11-01 14:23:40,0,10.0,1,w,5700 Stony Island
2016-11-01 15:28:00,2016-11-01 16:03:30,0,913.666666667,1,w,5700 Stony Island
2016-11-02 11:16:40,2016-11-02 11:52:10,2.33333333333,30.8333333333,1,w,5700 Stony Island
2016-11-02 13:46:30,2016-11-02 14:21:20,0,3.5,1,w,5700 Stony Island
2016-11-02 14:27:00,2016-11-02 15:02:30,0,30.3333333333,1,w,5700 Stony Island
2016-11-03 15:12:40,2016-11-03 15:46:40,0,6.75,1,w,5700 Stony Island
2016-11-03 19:18:40,2016-11-03 19:53:35,0,78.25,1,w,5700 Stony Island
2016-11-03 22:38:45,2016-11-03 23:14:10,5.0,15.6666666667,1,w,5700 Stony Island
2016-11-04 11:16:10,2016-11-04 11:51:30,0.5,2.5,1,w,5700 Stony Island
2016-11-04 12:58:50,2016-11-04 13:34:20,2.16666666667,0.333333333333,1,w,5700 Stony Island
2016-11-04 16:26:50,2016-11-04 17:02:20,1.16666666667,6.0,1,w,5700 Stony Island
2016-11-04 18:57:40,2016-11-04 19:33:00,0.833333333333,10.1666666667,1,w,5700 Stony Island
2016-11-04 20:47:00,2016-11-04 21:22:30,0.333333333333,13.6666666667,1,w,5700 Stony Island
2016-11-05 07:16:10,2016-11-05 07:51:30,2.0,0.0,1,w,5700 Stony Island
2016-11-05 09:57:30,2016-11-05 10:32:50,7.16666666667,106.5,1,w,5700 Stony Island
2016-11-05 13:28:10,2016-11-05 14:03:40,2.83333333333,21.1666666667,1,w,5700 Stony Island
2016-11-05 15:35:51,2016-11-05 16:11:10,0,1.16666666667,1,w,5700 Stony Island
2016-11-05 17:00:50,2016-11-05 17:36:20,9.5,6.5,1,w,5700 Stony Island
2016-11-05 19:28:30,2016-11-05 20:04:00,5.83333333333,1.33333333333,1,w,5700 Stony Island
2016-11-06 09:51:05,2016-11-06 10:26:30,0,60.3333333333,1,w,5700 Stony Island
2016-11-07 18:24:10,2016-11-07 18:58:30,18.0,0.166666666667,1,w,5700 Stony Island
2016-11-07 20:37:50,2016-11-07 21:12:20,0.833333333333,4.5,1,w,5700 Stony Island
2016-11-08 13:37:00,2016-11-08 14:11:30,3.0,25.5,1,w,5700 Stony Island
2016-11-08 16:35:15,2016-11-08 17:08:10,0,303.666666667,1,w,5700 Stony Island
2016-11-09 12:26:05,2016-11-09 13:00:30,0.333333333333,19.5,1,w,5700 Stony Island
2016-11-09 15:01:30,2016-11-09 15:36:00,1.16666666667,2.66666666667,1,w,5700 Stony Island
2016-11-09 15:57:40,2016-11-09 16:32:00,0,46.5,1,w,5700 Stony Island
2016-11-09 18:49:50,2016-11-09 19:22:50,0,52.8333333333,1,w,5700 Stony Island
2016-11-10 10:03:50,2016-11-10 10:38:20,4.33333333333,76.5,1,w,5700 Stony Island
2016-11-10 14:24:50,2016-11-10 14:59:20,0.5,15.1666666667,1,w,5700 Stony Island
2016-11-10 15:18:20,2016-11-10 15:52:45,0.916666666667,33.1666666667,1,w,5700 Stony Island
2016-11-10 17:11:30,2016-11-10 17:46:00,1.16666666667,1.0,1,w,5700 Stony Island
2016-11-10 21:32:50,2016-11-10 22:07:10,1.0,49.0,1,w,5700 Stony Island
2016-11-11 14:12:10,2016-11-11 14:46:40,13.0,147.333333333,1,w,5700 Stony Island
2016-11-12 11:30:50,2016-11-12 12:05:20,2.83333333333,1.0,1,w,5700 Stony Island
2016-11-12 12:51:20,2016-11-12 13:25:50,0.833333333333,8.5,1,w,5700 Stony Island
2016-11-12 21:07:00,2016-11-12 21:40:20,0,41.5,1,w,5700 Stony Island
2016-11-12 23:52:30,2016-11-13 00:27:01,1.48333333333,36.75,1,w,5700 Stony Island
2016-11-13 11:11:50,2016-11-13 11:46:20,0.333333333333,2.66666666667,1,w,5700 Stony Island
2016-11-13 12:02:40,2016-11-13 12:37:10,1.83333333333,29.6666666667,1,w,5700 Stony Island
2016-11-13 13:16:50,2016-11-13 13:51:20,0.666666666667,33.0,1,w,5700 Stony Island
2016-11-13 18:42:00,2016-11-13 19:16:00,0,14.3333333333,1,w,5700 Stony Island
2016-11-13 21:27:10,2016-11-13 22:01:40,0.5,10.3333333333,1,w,5700 Stony Island
2016-11-14 19:08:50,2016-11-14 19:43:10,6.33333333333,0.0,1,w,5700 Stony Island
2016-11-14 22:49:30,2016-11-14 23:23:50,3.5,2.66666666667,1,w,5700 Stony Island
2016-11-15 13:57:40,2016-11-15 14:32:10,1.0,17.0,1,w,5700 Stony Island
2016-11-15 16:52:20,2016-11-15 17:26:50,3.66666666667,120.666666667,1,w,5700 Stony Island
2016-11-16 14:24:00,2016-11-16 14:58:20,1.16666666667,7.33333333333,1,w,5700 Stony Island
2016-11-16 19:39:30,2016-11-16 20:14:01,7.98333333333,4.5,1,w,5700 Stony Island
2016-11-16 20:55:50,2016-11-16 21:30:20,0.75,30.25,1,w,5700 Stony Island
2016-11-17 01:53:00,2016-11-17 02:27:30,6.16666666667,4.83333333333,1,w,5700 Stony Island
2016-11-17 12:36:20,2016-11-17 13:10:40,2.66666666667,27.8333333333,1,w,5700 Stony Island
2016-11-17 14:09:40,2016-11-17 14:44:10,1.0,7.33333333333,1,w,5700 Stony Island
2016-11-17 14:56:00,2016-11-17 15:30:30,0.5,32.5,1,w,5700 Stony Island
2016-11-17 16:27:30,2016-11-17 17:02:00,1.33333333333,5.16666666667,1,w,5700 Stony Island
2016-11-17 17:12:45,2016-11-17 17:47:00,0,0.666666666667,1,w,5700 Stony Island
2016-11-18 00:07:43,2016-11-18 00:41:40,1.66666666667,4.16666666667,1,w,5700 Stony Island
2016-11-18 07:52:20,2016-11-18 08:26:50,2.33333333333,5.0,1,w,5700 Stony Island
2016-11-18 09:09:20,2016-11-18 09:43:50,4.0,0.666666666667,1,w,5700 Stony Island
2016-11-18 12:53:50,2016-11-18 13:28:20,0.833333333333,27.5,1,w,5700 Stony Island
2016-11-18 17:54:00,2016-11-18 18:28:31,6.31666666667,16.8333333333,1,w,5700 Stony Island
2016-11-19 15:02:30,2016-11-19 15:37:00,1.16666666667,10.6666666667,1,w,5700 Stony Island
2016-11-19 16:20:10,2016-11-19 16:54:41,0.983333333333,13.5,1,w,5700 Stony Island
2016-11-19 17:19:30,2016-11-19 17:54:01,0.316666666667,9.16666666667,1,w,5700 Stony Island
2016-11-20 11:16:00,2016-11-20 11:50:30,1.16666666667,9.68333333333,1,w,5700 Stony Island
2016-11-20 15:25:40,2016-11-20 16:00:10,11.6666666667,2.33333333333,1,w,5700 Stony Island
2016-11-20 18:44:00,2016-11-20 19:18:31,2.15,131.333333333,1,w,5700 Stony Island
2016-11-20 22:18:10,2016-11-20 22:52:30,4.5,4.33333333333,1,w,5700 Stony Island
2016-11-20 23:35:50,2016-11-21 00:10:10,1.16666666667,3.33333333333,1,w,5700 Stony Island
2016-11-21 12:59:30,2016-11-21 13:33:50,0,2.5,1,w,5700 Stony Island
2016-11-21 15:16:20,2016-11-21 15:50:50,1.91666666667,1.91666666667,1,w,5700 Stony Island
2016-11-21 15:56:30,2016-11-21 16:30:50,0,32.8333333333,1,w,5700 Stony Island
2016-11-21 18:37:20,2016-11-21 19:11:50,0.833333333333,11.6666666667,1,w,5700 Stony Island
2016-11-21 20:16:10,2016-11-21 20:50:40,5.25,2.58333333333,1,w,5700 Stony Island
2016-11-22 16:40:00,2016-11-22 17:14:30,1.0,19.6666666667,1,w,5700 Stony Island
2016-11-22 17:54:20,2016-11-22 18:28:40,1.66666666667,25.5,1,w,5700 Stony Island
2016-11-23 10:54:10,2016-11-23 11:29:40,0.35,0.483333333333,1,w,5700 Stony Island
2016-11-23 12:10:30,2016-11-23 12:44:40,0,28.5,1,w,5700 Stony Island
2016-11-23 16:01:20,2016-11-23 16:35:50,0,21.9166666667,1,w,5700 Stony Island
2016-11-23 17:08:50,2016-11-23 17:44:10,0,3.85,1,w,5700 Stony Island
2016-11-23 18:59:01,2016-11-23 19:34:30,0.333333333333,9.33333333333,1,w,5700 Stony Island
2016-11-24 15:25:20,2016-11-24 16:00:50,2.58333333333,4.75,1,w,5700 Stony Island
2016-11-24 16:11:50,2016-11-24 16:47:20,0.666666666667,27.5,1,w,5700 Stony Island
2016-11-25 14:16:30,2016-11-25 14:51:50,0,0.666666666667,1,w,5700 Stony Island
2016-11-26 16:07:50,2016-11-26 16:43:20,0,149.833333333,1,w,5700 Stony Island
2016-11-27 11:35:15,2016-11-27 12:10:30,0,0.166666666667,1,w,5700 Stony Island
2016-11-27 12:12:10,2016-11-27 12:46:00,0,13.0,1,w,5700 Stony Island
2016-11-27 13:12:00,2016-11-27 13:47:30,2.08333333333,0.25,1,w,5700 Stony Island
2016-11-27 22:37:00,2016-11-27 23:11:30,0,30.1666666667,1,w,5700 Stony Island
2016-11-28 18:04:20,2016-11-28 18:39:50,8.66666666667,0.166666666667,1,w,5700 Stony Island
2016-11-28 19:33:00,2016-11-28 20:07:00,0,10.0,1,w,5700 Stony Island
2016-11-29 14:21:50,2016-11-29 14:57:20,9.5,6.33333333333,1,w,5700 Stony Island
2016-11-30 14:31:40,2016-11-30 15:06:10,0.183333333333,18.4833333333,1,w,5700 Stony Island
2016-11-30 15:28:10,2016-11-30 16:02:40,0.666666666667,1.5,1,w,5700 Stony Island
2016-11-30 19:20:00,2016-11-30 19:54:30,1.33333333333,8.0,1,w,5700 Stony Island
2016-12-01 12:16:40,2016-12-01 12:51:00,1.16666666667,16.3333333333,1,w,5700 Stony Island
2016-12-01 13:11:20,2016-12-01 13:45:50,0.833333333333,42.6666666667,1,w,5700 Stony Island
2016-12-01 17:03:40,2016-12-01 17:37:20,0.666666666667,1.83333333333,1,w,5700 Stony Island
2016-12-02 11:00:40,2016-12-02 11:35:10,5.58333333333,7.08333333333,1,w,5700 Stony Island
2016-12-02 20:24:00,2016-12-02 20:58:25,2.5,40.9166666667,1,w,5700 Stony Island
2016-12-03 12:19:30,2016-12-03 12:54:00,1.0,68.1666666667,1,w,5700 Stony Island
2016-12-03 14:05:40,2016-12-03 14:40:10,1.0,3.5,1,w,5700 Stony Island
2016-12-03 17:43:20,2016-12-03 18:17:50,0.833333333333,142.166666667,1,w,5700 Stony Island
2016-12-03 21:58:20,2016-12-03 22:32:50,1.16666666667,16.0,1,w,5700 Stony Island
2016-12-04 12:06:20,2016-12-04 12:39:35,0,12.0833333333,1,w,5700 Stony Island
2016-12-04 13:39:10,2016-12-04 14:13:40,2.16666666667,15.6666666667,1,w,5700 Stony Island
2016-12-04 20:16:00,2016-12-04 20:50:20,1.33333333333,12.0,1,w,5700 Stony Island
2016-12-04 23:17:40,2016-12-04 23:52:10,1.25,3.25,1,w,5700 Stony Island
2016-12-05 11:15:30,2016-12-05 11:50:00,2.16666666667,15.6666666667,1,w,5700 Stony Island
2016-12-06 10:51:00,2016-12-06 11:25:30,10.3333333333,12.3333333333,1,w,5700 Stony Island
2016-12-06 12:06:30,2016-12-06 12:41:00,1.5,1.16666666667,1,w,5700 Stony Island
2016-12-06 13:11:20,2016-12-06 13:45:50,3.5,0.166666666667,1,w,5700 Stony Island
2016-12-06 18:02:50,2016-12-06 18:37:20,1.33333333333,33.5,1,w,5700 Stony Island
2016-12-07 10:44:20,2016-12-07 11:18:50,9.58333333333,15.9166666667,1,w,5700 Stony Island
2016-12-07 12:55:20,2016-12-07 13:29:40,2.0,7.16666666667,1,w,5700 Stony Island
2016-12-07 20:35:30,2016-12-07 21:10:00,11.1666666667,3.0,1,w,5700 Stony Island
2016-12-07 23:02:40,2016-12-07 23:37:10,1.83333333333,12.5,1,w,5700 Stony Island
2016-12-08 20:47:50,2016-12-08 21:23:10,0,9.0,1,w,5700 Stony Island
2016-12-09 00:01:40,2016-12-09 00:36:53,1.15,48.6333333333,1,w,5700 Stony Island
2016-12-09 09:56:20,2016-12-09 10:31:40,0,6.83333333333,1,w,5700 Stony Island
2016-12-09 11:10:50,2016-12-09 11:46:20,2.33333333333,70.0,1,w,5700 Stony Island
2016-12-09 13:02:40,2016-12-09 13:38:10,12.1666666667,27.1666666667,1,w,5700 Stony Island
2016-12-09 14:20:30,2016-12-09 14:56:00,3.0,0.166666666667,1,w,5700 Stony Island
2016-12-09 15:02:30,2016-12-09 15:38:00,1.33333333333,44.6666666667,1,w,5700 Stony Island
2016-12-09 16:57:10,2016-12-09 17:32:20,0,28.6666666667,1,w,5700 Stony Island
2016-12-09 19:11:20,2016-12-09 19:46:40,1.5,0.0,1,w,5700 Stony Island
2016-12-09 21:22:40,2016-12-09 21:58:00,0,33.8333333333,1,w,5700 Stony Island
2016-12-10 00:45:31,2016-12-10 01:21:00,1.16666666667,50.6666666667,1,w,5700 Stony Island
2016-12-10 02:15:40,2016-12-10 02:51:00,0,62.0,1,w,5700 Stony Island
2016-12-10 05:16:30,2016-12-10 05:52:00,0.333333333333,5.0,1,w,5700 Stony Island
2016-12-10 06:34:40,2016-12-10 07:10:10,2.0,148.583333333,1,w,5700 Stony Island
2016-09-24 10:46:00,2016-09-24 11:21:30,0,3.0,2,w,5700 Stony Island
2016-09-24 11:34:30,2016-09-24 12:10:00,2.5,24.75,2,w,5700 Stony Island
2016-09-24 12:42:00,2016-09-24 13:17:30,1.25,1.0,2,w,5700 Stony Island
2016-09-24 13:24:15,2016-09-24 13:59:45,1.01666666667,6.23333333333,2,w,5700 Stony Island
2016-09-25 00:16:17,2016-09-25 00:51:30,1.25,8.0,2,w,5700 Stony Island
2016-09-25 09:57:15,2016-09-25 10:32:46,1.75,0.0,2,w,5700 Stony Island
2016-09-25 11:32:46,2016-09-25 12:08:04,0,1.78333333333,2,w,5700 Stony Island
2016-09-25 12:19:45,2016-09-25 12:55:00,0,1.0,2,w,5700 Stony Island
2016-09-25 13:37:15,2016-09-25 14:12:45,0.75,8.01666666667,2,w,5700 Stony Island
2016-09-25 14:41:15,2016-09-25 15:16:45,0,1.25,2,w,5700 Stony Island
2016-09-25 15:47:00,2016-09-25 16:22:30,0.5,74.3333333333,2,w,5700 Stony Island
2016-09-25 17:40:30,2016-09-25 18:13:45,0,153.25,2,w,5700 Stony Island
2016-09-25 20:53:15,2016-09-25 21:28:45,12.0,2.5,2,w,5700 Stony Island
2016-09-26 07:26:15,2016-09-26 08:01:45,3.25,0.75,2,w,5700 Stony Island
2016-09-26 21:09:15,2016-09-26 21:44:15,0.0,0.0,2,w,5700 Stony Island
2016-09-27 16:29:45,2016-09-27 17:05:15,3.0,8.0,2,w,5700 Stony Island
2016-09-28 10:43:30,2016-09-28 11:18:15,0,112.416666667,2,w,5700 Stony Island
2016-09-28 21:07:20,2016-09-28 21:08:30,0,1.0,2,w,5700 Stony Island
2016-09-28 21:09:40,2016-09-28 21:45:00,5.66666666667,0.0,2,w,5700 Stony Island
2016-09-29 13:43:20,2016-09-29 14:18:50,0.5,2.33333333333,2,w,5700 Stony Island
2016-09-29 19:52:50,2016-09-29 20:28:10,0.166666666667,54.1666666667,2,w,5700 Stony Island
2016-09-30 08:30:40,2016-09-30 09:06:10,0,7.66666666667,2,w,5700 Stony Island
2016-09-30 11:14:50,2016-09-30 11:49:50,0.0,0.0,2,w,5700 Stony Island
2016-09-30 12:57:50,2016-09-30 13:32:50,0,2.5,2,w,5700 Stony Island
2016-09-30 20:13:20,2016-09-30 20:48:50,3.33333333333,0.5,2,w,5700 Stony Island
2016-09-30 20:57:20,2016-09-30 21:32:50,1.0,45.1666666667,2,w,5700 Stony Island
2016-10-01 10:00:10,2016-10-01 10:34:40,11.3333333333,28.1666666667,2,w,5700 Stony Island
2016-10-01 12:07:40,2016-10-01 12:42:10,4.5,3.16666666667,2,w,5700 Stony Island
2016-10-01 12:55:30,2016-10-01 13:30:00,11.0,0.666666666667,2,w,5700 Stony Island
2016-10-01 20:32:50,2016-10-01 21:07:20,1.33333333333,5.66666666667,2,w,5700 Stony Island
2016-10-02 07:50:55,2016-10-02 08:25:20,1.0,8.33333333333,2,w,5700 Stony Island
2016-10-02 08:38:20,2016-10-02 09:12:40,2.33333333333,2.16666666667,2,w,5700 Stony Island
2016-10-02 12:05:01,2016-10-02 12:39:30,16.3333333333,11.3333333333,2,w,5700 Stony Island
2016-10-02 13:44:30,2016-10-02 14:18:57,22.0166666667,0.0,2,w,5700 Stony Island
2016-10-02 14:43:13,2016-10-02 15:17:30,1.0,78.8333333333,2,w,5700 Stony Island
2016-10-02 17:10:20,2016-10-02 17:44:50,1.5,3.5,2,w,5700 Stony Island
2016-10-02 20:17:30,2016-10-02 20:51:30,0,2.5,2,w,5700 Stony Island
2016-10-03 09:16:40,2016-10-03 09:49:40,0,49.0,2,w,5700 Stony Island
2016-10-03 10:51:40,2016-10-03 11:26:10,0.666666666667,1.83333333333,2,w,5700 Stony Island
2016-10-03 14:30:50,2016-10-03 15:05:20,1.5,15.3333333333,2,w,5700 Stony Island
2016-10-04 16:53:20,2016-10-04 17:27:50,3.16666666667,20.6666666667,2,w,5700 Stony Island
2016-10-04 18:00:40,2016-10-04 18:35:10,1.0,66.6666666667,2,w,5700 Stony Island
2016-10-05 19:36:10,2016-10-05 20:10:40,1.33333333333,14.3333333333,2,w,5700 Stony Island
2016-10-06 16:27:40,2016-10-06 17:02:10,3.16666666667,1.83333333333,2,w,5700 Stony Island
2016-10-07 11:16:00,2016-10-07 11:50:20,0,34.3333333333,2,w,5700 Stony Island
2016-10-07 13:41:20,2016-10-07 14:15:50,0.0,0.0,2,w,5700 Stony Island
2016-10-07 14:46:40,2016-10-07 15:22:10,0.166666666667,4.33333333333,2,w,5700 Stony Island
2016-10-07 15:50:20,2016-10-07 16:25:20,0,7.66666666667,2,w,5700 Stony Island
2016-10-07 19:27:30,2016-10-07 20:03:00,1.5,4.5,2,w,5700 Stony Island
2016-10-07 20:18:00,2016-10-07 20:53:30,0.666666666667,27.8333333333,2,w,5700 Stony Island
2016-10-08 10:04:50,2016-10-08 10:40:10,1.16666666667,0.166666666667,2,w,5700 Stony Island
2016-10-08 13:50:10,2016-10-08 14:25:45,0.25,13.6666666667,2,w,5700 Stony Island
2016-10-08 15:15:20,2016-10-08 15:50:50,0.333333333333,16.8333333333,2,w,5700 Stony Island
2016-10-08 20:23:15,2016-10-08 20:58:40,0.666666666667,58.8333333333,2,w,5700 Stony Island
2016-10-08 22:39:30,2016-10-08 23:15:00,0.0,0.0,2,w,5700 Stony Island
2016-10-09 11:37:50,2016-10-09 12:13:20,2.66666666667,3.66666666667,2,w,5700 Stony Island
2016-10-09 13:09:50,2016-10-09 13:44:50,0,17.6666666667,2,w,5700 Stony Island
2016-10-09 14:04:30,2016-10-09 14:38:50,0,5.33333333333,2,w,5700 Stony Island
2016-10-09 17:24:20,2016-10-09 17:59:50,1.33333333333,0.166666666667,2,w,5700 Stony Island
2016-10-10 11:49:40,2016-10-10 12:25:10,1.5,140.5,2,w,5700 Stony Island
2016-10-10 15:08:05,2016-10-10 15:42:10,0,73.75,2,w,5700 Stony Island
2016-10-10 20:41:20,2016-10-10 21:16:40,0.333333333333,0.0,2,w,5700 Stony Island
2016-10-10 21:21:50,2016-10-10 21:57:20,2.66666666667,2.16666666667,2,w,5700 Stony Island
2016-10-11 10:37:50,2016-10-11 11:13:15,0.25,13.0,2,w,5700 Stony Island
2016-10-11 13:53:50,2016-10-11 14:29:20,0.5,21.5,2,w,5700 Stony Island
2016-10-11 15:38:25,2016-10-11 16:13:50,3.0,0.166666666667,2,w,5700 Stony Island
2016-10-11 23:56:50,2016-10-12 00:32:20,10.1666666667,2.16666666667,2,w,5700 Stony Island
2016-10-12 09:22:10,2016-10-12 09:55:40,0,43.6666666667,2,w,5700 Stony Island
2016-10-12 11:12:10,2016-10-12 11:47:40,4.5,1.0,2,w,5700 Stony Island
2016-10-12 20:22:00,2016-10-12 20:57:30,9.83333333333,49.1666666667,2,w,5700 Stony Island
2016-10-13 16:46:20,2016-10-13 17:21:40,0,17.3333333333,2,w,5700 Stony Island
2016-10-14 11:13:30,2016-10-14 11:48:00,0,190.833333333,2,w,5700 Stony Island
2016-10-14 19:59:30,2016-10-14 20:35:00,2.33333333333,8.0,2,w,5700 Stony Island
2016-10-14 21:27:30,2016-10-14 22:03:01,0.15,19.6666666667,2,w,5700 Stony Island
2016-10-15 12:26:01,2016-10-15 13:01:30,0.5,0.183333333333,2,w,5700 Stony Island
2016-10-15 14:58:40,2016-10-15 15:33:00,0,6.83333333333,2,w,5700 Stony Island
2016-10-15 15:41:40,2016-10-15 16:16:40,0,4.0,2,w,5700 Stony Island
2016-10-15 16:26:30,2016-10-15 16:59:40,0,1.33333333333,2,w,5700 Stony Island
2016-10-15 17:09:50,2016-10-15 17:45:20,0,15.1666666667,2,w,5700 Stony Island
2016-10-16 07:13:15,2016-10-16 07:48:35,0.75,11.3333333333,2,w,5700 Stony Island
2016-10-16 11:29:00,2016-10-16 12:04:20,0.5,0.166666666667,2,w,5700 Stony Island
2016-10-16 21:46:40,2016-10-16 22:22:00,1.0,9.5,2,w,5700 Stony Island
2016-10-16 22:57:40,2016-10-16 23:33:10,0.166666666667,5.16666666667,2,w,5700 Stony Island
2016-10-17 10:44:10,2016-10-17 11:17:40,0,4.0,2,w,5700 Stony Island
2016-10-17 13:58:30,2016-10-17 14:34:00,1.16666666667,7.66666666667,2,w,5700 Stony Island
2016-10-17 20:30:30,2016-10-17 21:06:00,0.166666666667,17.5,2,w,5700 Stony Island
2016-10-17 21:59:00,2016-10-17 22:34:30,8.33333333333,15.0,2,w,5700 Stony Island
2016-10-18 00:18:40,2016-10-18 00:53:40,1.83333333333,0.333333333333,2,w,5700 Stony Island
2016-10-18 18:04:00,2016-10-18 18:39:30,1.0,1.66666666667,2,w,5700 Stony Island
2016-10-18 19:27:10,2016-10-18 20:02:30,0,3.0,2,w,5700 Stony Island
2016-10-18 22:31:10,2016-10-18 23:06:40,2.33333333333,3.16666666667,2,w,5700 Stony Island
2016-10-19 11:05:20,2016-10-19 11:40:50,0.833333333333,0.666666666667,2,w,5700 Stony Island
2016-10-19 12:17:50,2016-10-19 12:52:10,0,10.3333333333,2,w,5700 Stony Island
2016-10-19 15:11:20,2016-10-19 15:46:50,1.33333333333,0.333333333333,2,w,5700 Stony Island
2016-10-19 16:33:00,2016-10-19 17:08:35,1.25,0.166666666667,2,w,5700 Stony Island
2016-10-20 16:07:40,2016-10-20 16:43:10,1.5,0.166666666667,2,w,5700 Stony Island
2016-10-20 17:03:40,2016-10-20 17:39:10,1.5,0.0,2,w,5700 Stony Island
2016-10-20 18:52:50,2016-10-20 19:28:10,1.0,6.58333333333,2,w,5700 Stony Island
2016-10-21 08:58:00,2016-10-21 09:33:25,0.166666666667,2.25,2,w,5700 Stony Island
2016-10-21 11:25:10,2016-10-21 11:58:50,0,88.3333333333,2,w,5700 Stony Island
2016-10-21 13:41:40,2016-10-21 14:17:10,1.16666666667,0.5,2,w,5700 Stony Island
2016-10-21 16:42:00,2016-10-21 17:17:30,0.166666666667,2.66666666667,2,w,5700 Stony Island
2016-10-22 01:35:40,2016-10-22 02:09:30,0,13.8333333333,2,w,5700 Stony Island
2016-10-22 03:43:30,2016-10-22 04:18:50,1.5,1.0,2,w,5700 Stony Island
2016-10-22 11:54:40,2016-10-22 12:29:40,0,573.833333333,2,w,5700 Stony Island
2016-10-23 10:06:00,2016-10-23 10:41:30,12.0,109.75,2,w,5700 Stony Island
2016-10-23 12:45:30,2016-10-23 13:20:50,5.83333333333,0.5,2,w,5700 Stony Island
2016-10-23 18:57:40,2016-10-23 19:33:10,8.16666666667,16.8333333333,2,w,5700 Stony Island
2016-10-24 21:43:00,2016-10-24 22:18:00,0,38.3333333333,2,w,5700 Stony Island
2016-10-24 22:59:10,2016-10-24 23:35:40,0,1.83333333333,2,w,5700 Stony Island
2016-10-25 09:15:10,2016-10-25 09:51:40,9.0,27.6666666667,2,w,5700 Stony Island
2016-10-25 15:13:40,2016-10-25 15:50:00,0.166666666667,7.16666666667,2,w,5700 Stony Island
2016-10-25 20:40:30,2016-10-25 21:14:00,0,39.3333333333,2,w,5700 Stony Island
2016-10-26 17:30:20,2016-10-26 18:05:50,0,8.66666666667,2,w,5700 Stony Island
2016-10-26 23:38:40,2016-10-27 00:15:10,1.18333333333,390.483333333,2,w,5700 Stony Island
2016-10-27 12:55:40,2016-10-27 13:32:00,5.66666666667,7.5,2,w,5700 Stony Island
2016-10-27 14:13:30,2016-10-27 14:50:00,0.333333333333,30.6666666667,2,w,5700 Stony Island
2016-10-27 15:39:30,2016-10-27 16:14:10,0,31.1666666667,2,w,5700 Stony Island
2016-10-27 20:08:25,2016-10-27 20:44:00,0,4.83333333333,2,w,5700 Stony Island
2016-10-27 20:59:30,2016-10-27 21:35:55,0.416666666667,18.1666666667,2,w,5700 Stony Island
2016-10-28 09:11:30,2016-10-28 09:48:00,0.666666666667,3.5,2,w,5700 Stony Island
2016-10-28 11:05:40,2016-10-28 11:42:00,0,1.16666666667,2,w,5700 Stony Island
2016-10-28 15:41:30,2016-10-28 16:16:40,0,0.5,2,w,5700 Stony Island
2016-10-28 18:02:20,2016-10-28 18:37:10,0,1.5,2,w,5700 Stony Island
2016-10-29 08:48:20,2016-10-29 09:24:40,8.33333333333,81.8333333333,2,w,5700 Stony Island
2016-10-29 14:28:25,2016-10-29 15:04:20,0,6.91666666667,2,w,5700 Stony Island
2016-10-29 16:42:00,2016-10-29 17:17:20,0,274.666666667,2,w,5700 Stony Island
2016-10-29 22:11:10,2016-10-29 22:45:30,0,11.3333333333,2,w,5700 Stony Island
2016-10-30 14:23:00,2016-10-30 14:59:30,0.666666666667,35.8333333333,2,w,5700 Stony Island
2016-10-30 16:15:50,2016-10-30 16:52:00,0,39.5,2,w,5700 Stony Island
2016-10-30 21:03:30,2016-10-30 21:39:10,0,11.75,2,w,5700 Stony Island
2016-10-31 01:01:30,2016-10-31 01:35:50,0,20.8333333333,2,w,5700 Stony Island
2016-10-31 16:37:40,2016-10-31 17:13:00,2.16666666667,7.0,2,w,5700 Stony Island
2016-11-01 12:30:20,2016-11-01 13:05:50,0.25,2.08333333333,2,w,5700 Stony Island
2016-11-01 15:28:00,2016-11-01 16:02:10,0,394.333333333,2,w,5700 Stony Island
2016-11-02 11:16:40,2016-11-02 11:51:00,0,33.0,2,w,5700 Stony Island
2016-11-02 13:40:40,2016-11-02 14:16:00,0.166666666667,3.33333333333,2,w,5700 Stony Island
2016-11-02 14:55:55,2016-11-02 15:30:20,0,20.5,2,w,5700 Stony Island
2016-11-03 15:12:40,2016-11-03 15:47:50,0,5.58333333333,2,w,5700 Stony Island
2016-11-03 17:01:10,2016-11-03 17:36:40,0.166666666667,0.666666666667,2,w,5700 Stony Island
2016-11-03 19:18:40,2016-11-03 19:54:10,0,78.3333333333,2,w,5700 Stony Island
2016-11-04 12:37:30,2016-11-04 13:13:00,1.16666666667,24.8333333333,2,w,5700 Stony Island
2016-11-04 18:57:40,2016-11-04 19:33:10,1.5,14.8333333333,2,w,5700 Stony Island
2016-11-04 19:54:10,2016-11-04 20:29:40,2.16666666667,2.33333333333,2,w,5700 Stony Island
2016-11-05 08:00:30,2016-11-05 08:36:00,0.166666666667,17.3333333333,2,w,5700 Stony Island
2016-11-05 09:57:30,2016-11-05 10:33:00,0,113.666666667,2,w,5700 Stony Island
2016-11-05 12:32:10,2016-11-05 13:07:40,0.333333333333,13.3333333333,2,w,5700 Stony Island
2016-11-05 13:22:40,2016-11-05 13:58:10,14.6666666667,80.9166666667,2,w,5700 Stony Island
2016-11-05 18:06:50,2016-11-05 18:42:20,11.6666666667,80.3333333333,2,w,5700 Stony Island
2016-11-06 11:28:40,2016-11-06 12:03:10,6.83333333333,22.1666666667,2,w,5700 Stony Island
2016-11-06 12:48:10,2016-11-06 13:22:31,1.5,34.3166666667,2,w,5700 Stony Island
2016-11-06 14:23:00,2016-11-06 14:57:30,1.66666666667,1.0,2,w,5700 Stony Island
2016-11-06 17:25:30,2016-11-06 18:00:00,1.66666666667,94.6666666667,2,w,5700 Stony Island
2016-11-06 20:10:00,2016-11-06 20:44:30,2.5,0.5,2,w,5700 Stony Island
2016-11-07 17:00:30,2016-11-07 17:36:00,9.16666666667,62.6666666667,2,w,5700 Stony Island
2016-11-07 20:37:50,2016-11-07 21:13:20,0.166666666667,3.0,2,w,5700 Stony Island
2016-11-08 13:45:30,2016-11-08 14:20:50,0.5,18.1833333333,2,w,5700 Stony Island
2016-11-08 16:51:20,2016-11-08 17:26:50,3.83333333333,2.66666666667,2,w,5700 Stony Island
2016-11-09 12:25:50,2016-11-09 13:01:20,1.16666666667,18.8333333333,2,w,5700 Stony Island
2016-11-09 15:30:30,2016-11-09 16:06:00,0.333333333333,19.3333333333,2,w,5700 Stony Island
2016-11-09 19:15:00,2016-11-09 19:50:30,3.16666666667,0.333333333333,2,w,5700 Stony Island
2016-11-10 22:52:00,2016-11-10 23:27:30,2.16666666667,0.166666666667,2,w,5700 Stony Island
2016-11-11 08:11:10,2016-11-11 08:46:00,0,16.0,2,w,5700 Stony Island
2016-11-11 09:22:50,2016-11-11 09:55:40,0,14.1666666667,2,w,5700 Stony Island
2016-11-11 13:30:10,2016-11-11 14:05:40,0.166666666667,0.666666666667,2,w,5700 Stony Island
2016-11-11 14:10:20,2016-11-11 14:43:50,0,21.3333333333,2,w,5700 Stony Island
2016-11-11 18:14:50,2016-11-11 18:48:20,0,3.5,2,w,5700 Stony Island
2016-11-12 11:55:30,2016-11-12 12:31:00,0.166666666667,20.5,2,w,5700 Stony Island
2016-11-12 16:06:10,2016-11-12 16:41:40,1.33333333333,83.6666666667,2,w,5700 Stony Island
2016-11-12 23:52:40,2016-11-13 00:28:02,0.466666666667,33.5,2,w,5700 Stony Island
2016-11-13 11:49:00,2016-11-13 12:24:30,0.5,2.66666666667,2,w,5700 Stony Island
2016-11-13 12:29:40,2016-11-13 13:05:10,5.66666666667,0.25,2,w,5700 Stony Island
2016-11-13 19:06:50,2016-11-13 19:42:10,11.5,13.8333333333,2,w,5700 Stony Island
2016-11-14 19:09:11,2016-11-14 19:44:00,0,1.33333333333,2,w,5700 Stony Island
2016-11-14 19:49:50,2016-11-14 20:24:20,0,55.6666666667,2,w,5700 Stony Island
2016-11-15 14:25:40,2016-11-15 15:00:55,0,9.91666666667,2,w,5700 Stony Island
2016-11-15 18:47:40,2016-11-15 19:23:10,0.333333333333,14.1666666667,2,w,5700 Stony Island
2016-11-15 19:49:10,2016-11-15 20:24:40,13.8333333333,3.0,2,w,5700 Stony Island
2016-11-15 21:08:40,2016-11-15 21:44:10,1.5,704.5,2,w,5700 Stony Island
2016-11-17 17:22:00,2016-11-17 17:57:30,0.166666666667,0.0,2,w,5700 Stony Island
2016-11-18 08:01:00,2016-11-18 08:36:30,0.833333333333,68.0,2,w,5700 Stony Island
2016-11-19 15:02:30,2016-11-19 15:37:50,0.333333333333,8.66666666667,2,w,5700 Stony Island
2016-11-19 17:20:00,2016-11-19 17:21:00,0,0.5,2,w,5700 Stony Island
2016-11-19 17:54:01,2016-11-19 17:56:30,0.166666666667,7.83333333333,2,w,5700 Stony Island
2016-11-20 11:17:00,2016-11-20 11:52:00,0,12.3333333333,2,w,5700 Stony Island
2016-11-23 07:19:50,2016-11-23 07:55:20,0.166666666667,1.16666666667,2,w,5700 Stony Island
2016-11-23 10:54:10,2016-11-23 11:29:40,0,1.35,2,w,5700 Stony Island
2016-11-23 16:01:40,2016-11-23 16:37:10,3.5,17.1666666667,2,w,5700 Stony Island
2016-11-23 18:59:01,2016-11-23 19:34:30,0.683333333333,8.65,2,w,5700 Stony Island
2016-11-26 19:30:20,2016-11-26 20:05:40,1.16666666667,2.0,2,w,5700 Stony Island
2016-11-27 11:36:30,2016-11-27 12:12:00,1.5,20.3333333333,2,w,5700 Stony Island
2016-11-27 12:40:00,2016-11-27 13:15:20,0,4.5,2,w,5700 Stony Island
2016-11-27 13:46:10,2016-11-27 14:21:30,5.66666666667,27.1666666667,2,w,5700 Stony Island
2016-11-27 21:55:00,2016-11-27 22:30:30,0.833333333333,0.166666666667,2,w,5700 Stony Island
2016-11-27 22:37:30,2016-11-27 23:13:00,0.5,27.5,2,w,5700 Stony Island
2016-11-28 07:39:20,2016-11-28 08:14:50,3.5,0.5,2,w,5700 Stony Island
2016-11-28 18:04:20,2016-11-28 18:39:10,0,7.83333333333,2,w,5700 Stony Island
2016-11-28 20:06:00,2016-11-28 20:41:30,2.66666666667,28.1666666667,2,w,5700 Stony Island
2016-11-29 14:21:50,2016-11-29 14:57:20,8.51666666667,9.48333333333,2,w,5700 Stony Island
2016-11-30 14:31:40,2016-11-30 15:05:51,0,19.65,2,w,5700 Stony Island
2016-11-30 16:05:20,2016-11-30 16:40:50,3.68333333333,15.3166666667,2,w,5700 Stony Island
2016-11-30 18:48:20,2016-11-30 19:23:51,0.816666666667,29.5,2,w,5700 Stony Island
2016-12-01 14:54:00,2016-12-01 15:29:30,10.6666666667,48.6666666667,2,w,5700 Stony Island
2016-12-01 17:03:40,2016-12-01 17:38:25,0.416666666667,2.08333333333,2,w,5700 Stony Island
2016-12-02 20:24:00,2016-12-02 20:57:40,0,44.6666666667,2,w,5700 Stony Island
2016-12-03 11:10:00,2016-12-03 11:45:30,1.16666666667,44.5,2,w,5700 Stony Island
2016-12-03 13:43:10,2016-12-03 14:18:40,0,1.16666666667,2,w,5700 Stony Island
2016-12-03 14:32:40,2016-12-03 15:08:00,5.66666666667,93.4166666667,2,w,5700 Stony Island
2016-12-03 17:58:30,2016-12-03 18:34:00,0.5,27.1666666667,2,w,5700 Stony Island
2016-12-03 19:03:00,2016-12-03 19:38:30,17.8333333333,4.66666666667,2,w,5700 Stony Island
2016-12-03 21:57:30,2016-12-03 22:33:00,0.666666666667,58.8333333333,2,w,5700 Stony Island
2016-12-04 07:40:10,2016-12-04 08:15:40,1.0,17.8333333333,2,w,5700 Stony Island
2016-12-04 12:13:40,2016-12-04 12:49:10,2.5,41.8333333333,2,w,5700 Stony Island
2016-12-05 09:45:30,2016-12-05 10:21:00,1.5,0.666666666667,2,w,5700 Stony Island
2016-12-05 11:15:30,2016-12-05 11:50:50,0,18.0,2,w,5700 Stony Island
2016-12-05 23:41:10,2016-12-06 00:16:33,1.63333333333,9.83333333333,2,w,5700 Stony Island
2016-12-06 10:51:10,2016-12-06 11:26:40,7.0,9.33333333333,2,w,5700 Stony Island
2016-12-06 11:45:40,2016-12-06 12:21:10,4.0,20.1666666667,2,w,5700 Stony Island
2016-12-06 18:02:50,2016-12-06 18:38:20,1.5,34.0,2,w,5700 Stony Island
2016-12-07 12:41:50,2016-12-07 13:16:10,0,15.6666666667,2,w,5700 Stony Island
2016-12-07 23:02:40,2016-12-07 23:38:10,8.0,6.33333333333,2,w,5700 Stony Island
2016-12-08 20:47:50,2016-12-08 21:23:10,0.666666666667,11.8333333333,2,w,5700 Stony Island
2016-12-09 00:29:11,2016-12-09 01:04:20,1.66666666667,12.3333333333,2,w,5700 Stony Island
2016-12-09 02:21:00,2016-12-09 02:55:10,0,29.8333333333,2,w,5700 Stony Island
2016-12-09 09:56:20,2016-12-09 10:31:50,0.333333333333,6.0,2,w,5700 Stony Island
2016-12-09 11:11:00,2016-12-09 11:46:20,6.0,0.5,2,w,5700 Stony Island
2016-12-09 12:03:40,2016-12-09 12:39:10,0,21.5,2,w,5700 Stony Island
2016-12-09 15:02:30,2016-12-09 15:38:00,0.833333333333,72.3333333333,2,w,5700 Stony Island
2016-12-09 17:15:00,2016-12-09 17:50:30,0.166666666667,121.666666667,2,w,5700 Stony Island
2016-12-09 21:14:30,2016-12-09 21:50:00,1.0,0.833333333333,2,w,5700 Stony Island
2016-12-09 22:10:00,2016-12-09 22:45:30,9.83333333333,14.6666666667,2,w,5700 Stony Island
2016-12-10 00:46:40,2016-12-10 01:22:00,0.166666666667,48.8333333333,2,w,5700 Stony Island
2016-12-10 02:15:40,2016-12-10 02:51:10,7.33333333333,55.1666666667,2,w,5700 Stony Island
2016-12-10 05:16:40,2016-12-10 05:52:00,0.166666666667,3.33333333333,2,w,5700 Stony Island
2016-12-10 06:34:40,2016-12-10 07:10:10,0.166666666667,150.416666667,2,w,5700 Stony Island
2016-09-24 10:56:30,2016-09-24 11:32:00,0,1.0,3,w,5700 Stony Island
2016-09-24 12:18:15,2016-09-24 12:53:45,6.5,163.25,3,w,5700 Stony Island
2016-09-25 00:17:33,2016-09-25 00:50:45,0,11.0,3,w,5700 Stony Island
2016-09-25 09:10:00,2016-09-25 09:10:30,0.0,0.0,3,w,5700 Stony Island
2016-09-25 09:15:00,2016-09-25 09:50:30,0,4.08333333333,3,w,5700 Stony Island
2016-09-25 11:33:01,2016-09-25 12:07:19,0,6.7,3,w,5700 Stony Island
2016-09-25 13:37:15,2016-09-25 14:11:15,0,10.2666666667,3,w,5700 Stony Island
2016-09-25 16:57:30,2016-09-25 17:32:50,11.0,5.41666666667,3,w,5700 Stony Island
2016-09-25 17:52:20,2016-09-25 18:27:45,6.5,124.75,3,w,5700 Stony Island
2016-09-25 20:40:15,2016-09-25 21:15:45,6.33333333333,29.1666666667,3,w,5700 Stony Island
2016-09-26 18:21:45,2016-09-26 18:57:15,1.25,0.75,3,w,5700 Stony Island
2016-09-26 21:09:20,2016-09-26 21:42:30,0.0,0.0,3,w,5700 Stony Island
2016-09-27 16:32:00,2016-09-27 17:08:20,0,7.41666666667,3,w,5700 Stony Island
2016-09-28 11:48:00,2016-09-28 12:23:30,2.83333333333,8.66666666667,3,w,5700 Stony Island
2016-09-28 13:55:00,2016-09-28 14:30:20,0.666666666667,7.33333333333,3,w,5700 Stony Island
2016-09-28 19:18:55,2016-09-28 19:53:10,0,71.3333333333,3,w,5700 Stony Island
2016-09-28 21:08:55,2016-09-28 21:44:30,1.16666666667,0.0,3,w,5700 Stony Island
2016-09-29 13:43:20,2016-09-29 14:18:50,0.5,3.16666666667,3,w,5700 Stony Island
2016-09-29 19:55:50,2016-09-29 20:31:10,0,52.3333333333,3,w,5700 Stony Island
2016-09-30 12:57:50,2016-09-30 13:33:20,0.666666666667,2.0,3,w,5700 Stony Island
2016-09-30 20:13:15,2016-09-30 20:46:30,0,6.83333333333,3,w,5700 Stony Island
2016-10-01 10:26:00,2016-10-01 11:01:30,2.33333333333,3.5,3,w,5700 Stony Island
2016-10-01 12:43:30,2016-10-01 13:18:50,0,0.5,3,w,5700 Stony Island
2016-10-02 07:51:00,2016-10-02 08:26:30,6.16666666667,2.66666666667,3,w,5700 Stony Island
2016-10-02 12:31:50,2016-10-02 13:07:20,7.16666666667,0.0,3,w,5700 Stony Island
2016-10-02 13:29:40,2016-10-02 14:03:21,0,37.6166666667,3,w,5700 Stony Island
2016-10-02 14:43:33,2016-10-02 15:18:40,1.33333333333,7.0,3,w,5700 Stony Island
2016-10-02 16:25:45,2016-10-02 17:01:11,0.316666666667,2.68333333333,3,w,5700 Stony Island
2016-10-02 17:12:40,2016-10-02 17:46:50,0,3.16666666667,3,w,5700 Stony Island
2016-10-02 20:17:40,2016-10-02 20:53:00,9.5,0.0,3,w,5700 Stony Island
2016-10-03 14:30:20,2016-10-03 15:05:50,0.333333333333,14.6666666667,3,w,5700 Stony Island
2016-10-04 14:05:10,2016-10-04 14:40:40,0.666666666667,23.3333333333,3,w,5700 Stony Island
2016-10-04 17:43:30,2016-10-04 18:17:10,0,196.5,3,w,5700 Stony Island
2016-10-05 15:34:00,2016-10-05 16:09:30,1.5,0.166666666667,3,w,5700 Stony Island
2016-10-07 11:16:00,2016-10-07 11:51:30,0.666666666667,70.6666666667,3,w,5700 Stony Island
2016-10-07 13:29:00,2016-10-07 14:04:30,5.0,0.333333333333,3,w,5700 Stony Island
2016-10-07 15:50:30,2016-10-07 16:24:10,0,9.25,3,w,5700 Stony Island
2016-10-07 17:52:40,2016-10-07 18:28:10,10.0,95.0833333333,3,w,5700 Stony Island
2016-10-09 11:37:50,2016-10-09 12:13:20,0.333333333333,8.0,3,w,5700 Stony Island
2016-10-09 13:09:50,2016-10-09 13:44:30,0,70.6666666667,3,w,5700 Stony Island
2016-10-09 17:57:50,2016-10-09 18:33:20,0.166666666667,9.66666666667,3,w,5700 Stony Island
2016-10-09 20:55:00,2016-10-09 21:30:30,2.33333333333,0.0,3,w,5700 Stony Island
2016-10-10 14:06:50,2016-10-10 14:40:50,0,23.8333333333,3,w,5700 Stony Island
2016-10-10 15:08:05,2016-10-10 15:41:20,0,75.1666666667,3,w,5700 Stony Island
2016-10-10 21:13:10,2016-10-10 21:48:40,18.1666666667,0.5,3,w,5700 Stony Island
2016-10-11 15:38:15,2016-10-11 16:13:40,0.166666666667,1.66666666667,3,w,5700 Stony Island
2016-10-14 09:00:50,2016-10-14 09:36:20,3.16666666667,254.0,3,w,5700 Stony Island
2016-10-14 14:18:11,2016-10-14 14:53:40,2.0,4.16666666667,3,w,5700 Stony Island
2016-10-14 16:05:10,2016-10-14 16:40:40,1.33333333333,0.666666666667,3,w,5700 Stony Island
2016-10-14 19:59:30,2016-10-14 20:33:31,0,11.65,3,w,5700 Stony Island
2016-10-15 12:16:20,2016-10-15 12:51:40,4.16666666667,7.0,3,w,5700 Stony Island
2016-10-15 15:05:20,2016-10-15 15:40:50,2.5,12.1666666667,3,w,5700 Stony Island
2016-10-15 16:17:50,2016-10-15 16:53:20,2.16666666667,5.16666666667,3,w,5700 Stony Island
2016-10-15 17:08:30,2016-10-15 17:44:00,1.16666666667,2.0,3,w,5700 Stony Island
2016-10-15 19:41:00,2016-10-15 20:16:30,0.333333333333,0.5,3,w,5700 Stony Island
2016-10-15 21:48:00,2016-10-15 22:21:40,0,0.166666666667,3,w,5700 Stony Island
2016-10-16 22:59:50,2016-10-16 23:35:30,0,1.0,3,w,5700 Stony Island
2016-10-17 13:58:30,2016-10-17 14:34:10,0,12.3333333333,3,w,5700 Stony Island
2016-10-18 08:54:10,2016-10-18 09:29:40,0,70.6666666667,3,w,5700 Stony Island
2016-10-18 18:04:00,2016-10-18 18:40:30,2.0,0.166666666667,3,w,5700 Stony Island
2016-10-19 08:11:10,2016-10-19 08:46:40,0.833333333333,5.5,3,w,5700 Stony Island
2016-10-19 08:55:00,2016-10-19 09:30:30,11.3333333333,0.166666666667,3,w,5700 Stony Island
2016-10-19 15:10:30,2016-10-19 15:46:05,2.08333333333,1.33333333333,3,w,5700 Stony Island
2016-10-20 13:39:20,2016-10-20 14:15:10,0,15.8333333333,3,w,5700 Stony Island
2016-10-20 14:34:00,2016-10-20 15:08:20,0,33.6666666667,3,w,5700 Stony Island
2016-10-20 15:55:20,2016-10-20 16:31:30,0,34.4166666667,3,w,5700 Stony Island
2016-10-20 18:52:50,2016-10-20 19:29:10,0,8.16666666667,3,w,5700 Stony Island
2016-10-21 11:25:20,2016-10-21 12:00:45,0.25,86.5,3,w,5700 Stony Island
2016-10-21 17:24:30,2016-10-21 18:00:00,0.166666666667,63.1666666667,3,w,5700 Stony Island
2016-10-22 01:35:20,2016-10-22 02:04:30,0,20.5,3,w,5700 Stony Island
2016-10-23 12:25:45,2016-10-23 13:00:20,0,2.01666666667,3,w,5700 Stony Island
2016-10-23 18:58:30,2016-10-23 19:34:00,3.5,22.8333333333,3,w,5700 Stony Island
2016-10-23 22:44:30,2016-10-23 23:20:00,0.333333333333,11.0,3,w,5700 Stony Island
2016-10-24 21:43:00,2016-10-24 22:18:30,9.5,28.3333333333,3,w,5700 Stony Island
2016-10-25 15:21:30,2016-10-25 15:57:00,10.8333333333,2.85,3,w,5700 Stony Island
2016-10-25 18:00:00,2016-10-25 18:35:20,0.5,0.0,3,w,5700 Stony Island
2016-10-27 13:14:30,2016-10-27 13:50:00,3.16666666667,82.6666666667,3,w,5700 Stony Island
2016-10-27 18:38:30,2016-10-27 19:13:50,2.08333333333,48.0833333333,3,w,5700 Stony Island
2016-10-27 20:08:30,2016-10-27 20:44:00,0,4.83333333333,3,w,5700 Stony Island
2016-10-27 20:59:30,2016-10-27 21:34:20,0,20.6666666667,3,w,5700 Stony Island
2016-10-28 09:11:30,2016-10-28 09:46:50,0,6.5,3,w,5700 Stony Island
2016-10-28 11:05:50,2016-10-28 11:41:00,4.33333333333,0.516666666667,3,w,5700 Stony Island
2016-10-28 12:42:50,2016-10-28 13:17:40,0,0.5,3,w,5700 Stony Island
2016-10-28 15:41:30,2016-10-28 16:16:20,3.0,0.0,3,w,5700 Stony Island
2016-10-29 10:53:20,2016-10-29 11:28:40,0.166666666667,22.8333333333,3,w,5700 Stony Island
2016-10-29 12:19:10,2016-10-29 12:54:40,2.83333333333,49.8333333333,3,w,5700 Stony Island
2016-10-29 14:26:15,2016-10-29 15:01:50,0.666666666667,7.16666666667,3,w,5700 Stony Island
2016-10-29 15:44:10,2016-10-29 16:19:40,3.16666666667,0.166666666667,3,w,5700 Stony Island
2016-10-29 16:42:00,2016-10-29 17:16:40,0,36.3333333333,3,w,5700 Stony Island
2016-10-30 14:23:10,2016-10-30 14:57:10,0,40.0,3,w,5700 Stony Island
2016-10-30 16:16:05,2016-10-30 16:50:30,0,41.8333333333,3,w,5700 Stony Island
2016-10-30 19:22:50,2016-10-30 19:55:50,0,32.6666666667,3,w,5700 Stony Island
2016-11-01 18:12:30,2016-11-01 18:47:50,0,2.16666666667,3,w,5700 Stony Island
2016-11-01 20:13:25,2016-11-01 20:48:50,1.33333333333,11.0,3,w,5700 Stony Island
2016-11-01 21:41:10,2016-11-01 22:16:40,2.5,3.83333333333,3,w,5700 Stony Island
2016-11-01 22:38:30,2016-11-01 23:14:00,1.16666666667,3.33333333333,3,w,5700 Stony Island
2016-11-01 23:40:50,2016-11-02 00:16:20,0,110.0,3,w,5700 Stony Island
2016-11-02 13:40:40,2016-11-02 14:16:00,1.83333333333,0.666666666667,3,w,5700 Stony Island
2016-11-02 14:55:55,2016-11-02 15:31:30,1.16666666667,18.6666666667,3,w,5700 Stony Island
2016-11-02 15:53:50,2016-11-02 16:29:10,1.16666666667,38.3333333333,3,w,5700 Stony Island
2016-11-02 18:47:10,2016-11-02 19:22:30,6.0,158.833333333,3,w,5700 Stony Island
2016-11-03 03:34:40,2016-11-03 04:10:00,0.333333333333,40.1666666667,3,w,5700 Stony Island
2016-11-03 15:33:00,2016-11-03 16:07:30,4.16666666667,15.3333333333,3,w,5700 Stony Island
2016-11-03 16:31:30,2016-11-03 17:05:55,1.25,37.5,3,w,5700 Stony Island
2016-11-04 12:37:30,2016-11-04 13:12:00,1.16666666667,28.6666666667,3,w,5700 Stony Island
2016-11-04 19:54:10,2016-11-04 20:28:40,0.833333333333,5.83333333333,3,w,5700 Stony Island
2016-11-05 08:00:30,2016-11-05 08:35:00,2.0,17.8333333333,3,w,5700 Stony Island
2016-11-05 11:55:00,2016-11-05 12:29:30,3.83333333333,36.3333333333,3,w,5700 Stony Island
2016-11-05 13:12:30,2016-11-05 13:47:00,1.33333333333,11.3333333333,3,w,5700 Stony Island
2016-11-05 15:35:40,2016-11-05 15:35:51,0.0,0.0,3,w,5700 Stony Island
2016-11-05 15:36:00,2016-11-05 16:10:30,1.16666666667,1.16666666667,3,w,5700 Stony Island
2016-11-05 16:33:50,2016-11-05 17:08:20,3.0,4.0,3,w,5700 Stony Island
2016-11-05 17:21:10,2016-11-05 17:55:00,0,53.0,3,w,5700 Stony Island
2016-11-06 09:51:05,2016-11-06 10:24:30,0,62.5,3,w,5700 Stony Island
2016-11-06 12:48:10,2016-11-06 13:24:30,0,35.0,3,w,5700 Stony Island
2016-11-06 14:22:40,2016-11-06 14:59:10,0.666666666667,1.5,3,w,5700 Stony Island
2016-11-07 01:47:50,2016-11-07 02:23:20,0,8.5,3,w,5700 Stony Island
2016-11-07 18:24:10,2016-11-07 18:59:30,0.5,13.3333333333,3,w,5700 Stony Island
2016-11-07 20:54:40,2016-11-07 21:30:15,2.91666666667,58.0,3,w,5700 Stony Island
2016-11-09 15:31:10,2016-11-09 16:05:30,0,23.3333333333,3,w,5700 Stony Island
2016-11-09 16:36:40,2016-11-09 17:11:40,0,7.5,3,w,5700 Stony Island
2016-11-09 19:15:20,2016-11-09 19:50:30,0,0.166666666667,3,w,5700 Stony Island
2016-11-10 21:33:00,2016-11-10 22:08:20,10.1666666667,38.6666666667,3,w,5700 Stony Island
2016-11-11 08:11:10,2016-11-11 08:46:00,0,18.0,3,w,5700 Stony Island
2016-11-11 12:37:30,2016-11-11 13:13:01,0,3.81666666667,3,w,5700 Stony Island
2016-11-11 13:30:20,2016-11-11 14:05:50,7.66666666667,0.0,3,w,5700 Stony Island
2016-11-11 15:40:30,2016-11-11 16:15:50,0.333333333333,2.0,3,w,5700 Stony Island
2016-11-12 07:28:20,2016-11-12 08:03:50,3.0,9.5,3,w,5700 Stony Island
2016-11-12 11:55:15,2016-11-12 12:30:40,0.333333333333,19.5,3,w,5700 Stony Island
2016-11-12 13:23:40,2016-11-12 13:59:00,0,34.0,3,w,5700 Stony Island
2016-11-13 00:07:12,2016-11-13 00:42:30,0.5,4.33333333333,3,w,5700 Stony Island
2016-11-13 00:49:30,2016-11-13 01:24:50,5.16666666667,4.83333333333,3,w,5700 Stony Island
2016-11-13 12:02:30,2016-11-13 12:38:00,0.833333333333,31.85,3,w,5700 Stony Island
2016-11-13 13:17:00,2016-11-13 13:50:41,0,34.3166666667,3,w,5700 Stony Island
2016-11-14 19:27:10,2016-11-14 20:02:40,1.18333333333,76.15,3,w,5700 Stony Island
2016-11-15 18:47:50,2016-11-15 19:22:40,0,15.0,3,w,5700 Stony Island
2016-11-15 21:33:10,2016-11-15 22:08:35,0,5.58333333333,3,w,5700 Stony Island
2016-11-15 22:16:50,2016-11-15 22:52:20,0.166666666667,2.0,3,w,5700 Stony Island
2016-11-16 17:09:30,2016-11-16 17:45:00,0.5,5.58333333333,3,w,5700 Stony Island
2016-11-16 19:40:00,2016-11-16 20:15:30,0.333333333333,11.6666666667,3,w,5700 Stony Island
2016-11-17 01:53:10,2016-11-17 02:27:10,0,11.3333333333,3,w,5700 Stony Island
2016-11-17 16:39:50,2016-11-17 17:15:20,3.5,0.166666666667,3,w,5700 Stony Island
2016-11-17 17:27:30,2016-11-17 18:02:20,0,0.333333333333,3,w,5700 Stony Island
2016-11-18 07:52:40,2016-11-18 08:28:10,0.166666666667,6.83333333333,3,w,5700 Stony Island
2016-11-18 12:54:30,2016-11-18 13:30:00,0.166666666667,27.3333333333,3,w,5700 Stony Island
2016-11-18 15:37:10,2016-11-18 16:12:40,1.33333333333,0.35,3,w,5700 Stony Island
2016-11-18 18:19:10,2016-11-18 18:54:40,3.33333333333,0.0,3,w,5700 Stony Island
2016-11-19 12:56:01,2016-11-19 13:31:21,1.31666666667,33.0,3,w,5700 Stony Island
2016-11-20 15:26:10,2016-11-20 16:01:20,0,8.33333333333,3,w,5700 Stony Island
2016-11-20 16:14:00,2016-11-20 16:49:30,0.666666666667,67.85,3,w,5700 Stony Island
2016-11-20 22:18:20,2016-11-20 22:53:40,0.5,6.33333333333,3,w,5700 Stony Island
2016-11-21 19:28:50,2016-11-21 20:04:00,0,6.83333333333,3,w,5700 Stony Island
2016-11-21 21:26:01,2016-11-21 22:01:30,1.35,2.4,3,w,5700 Stony Island
2016-11-23 10:54:10,2016-11-23 11:29:40,7.33333333333,0.166666666667,3,w,5700 Stony Island
2016-11-23 18:59:01,2016-11-23 19:34:20,0.166666666667,8.91666666667,3,w,5700 Stony Island
2016-11-27 00:16:42,2016-11-27 00:52:00,0.333333333333,0.166666666667,3,w,5700 Stony Island
2016-11-27 11:35:30,2016-11-27 12:11:00,1.33333333333,21.6666666667,3,w,5700 Stony Island
2016-11-27 12:38:50,2016-11-27 13:12:10,0,0.583333333333,3,w,5700 Stony Island
2016-11-27 13:13:40,2016-11-27 13:47:00,0,18.1666666667,3,w,5700 Stony Island
2016-11-28 07:39:20,2016-11-28 08:14:50,2.83333333333,2.33333333333,3,w,5700 Stony Island
2016-11-28 20:06:10,2016-11-28 20:40:15,0,32.0833333333,3,w,5700 Stony Island
2016-11-28 21:59:10,2016-11-28 22:34:40,0,4.51666666667,3,w,5700 Stony Island
2016-11-29 14:22:00,2016-11-29 14:57:20,7.5,11.8333333333,3,w,5700 Stony Island
2016-11-30 14:31:40,2016-11-30 15:06:30,0,19.6666666667,3,w,5700 Stony Island
2016-12-01 10:00:20,2016-12-01 10:35:50,0.166666666667,4.5,3,w,5700 Stony Island
2016-12-01 13:17:10,2016-12-01 13:17:20,44.8333333333,30.0,3,w,5700 Stony Island
2016-12-02 12:06:30,2016-12-02 12:42:00,0.166666666667,1.33333333333,3,w,5700 Stony Island
2016-12-03 11:09:30,2016-12-03 11:44:50,0,45.0,3,w,5700 Stony Island
2016-12-03 13:43:50,2016-12-03 14:19:20,1.33333333333,1.83333333333,3,w,5700 Stony Island
2016-12-03 14:31:50,2016-12-03 15:07:20,3.66666666667,28.3333333333,3,w,5700 Stony Island
2016-12-03 16:48:25,2016-12-03 17:23:50,4.0,27.8333333333,3,w,5700 Stony Island
2016-12-03 17:58:30,2016-12-03 18:34:00,4.16666666667,21.3333333333,3,w,5700 Stony Island
2016-12-03 19:03:20,2016-12-03 19:36:20,0,26.3333333333,3,w,5700 Stony Island
2016-12-04 12:13:40,2016-12-04 12:49:10,1.16666666667,43.6666666667,3,w,5700 Stony Island
2016-12-04 13:39:10,2016-12-04 14:14:40,0.166666666667,15.1666666667,3,w,5700 Stony Island
2016-12-05 23:41:10,2016-12-06 00:17:07,0,11.5666666667,3,w,5700 Stony Island
2016-12-06 10:51:10,2016-12-06 11:26:40,7.0,12.1666666667,3,w,5700 Stony Island
2016-12-06 12:06:30,2016-12-06 12:42:00,3.16666666667,3.0,3,w,5700 Stony Island
2016-12-06 13:11:20,2016-12-06 13:46:50,4.16666666667,0.0,3,w,5700 Stony Island
2016-12-06 17:56:00,2016-12-06 18:31:30,0.666666666667,40.0,3,w,5700 Stony Island
2016-12-07 12:44:10,2016-12-07 13:19:40,3.16666666667,9.0,3,w,5700 Stony Island
2016-12-07 13:35:20,2016-12-07 14:09:10,0,41.5,3,w,5700 Stony Island
2016-12-09 11:10:40,2016-12-09 11:46:20,0,8.5,3,w,5700 Stony Island
2016-12-09 12:03:50,2016-12-09 12:41:10,0,20.3333333333,3,w,5700 Stony Island
2016-12-09 14:28:50,2016-12-09 15:06:20,3.66666666667,5.33333333333,3,w,5700 Stony Island
2016-12-09 15:30:20,2016-12-09 16:07:50,2.66666666667,13.3333333333,3,w,5700 Stony Island
2016-12-09 16:32:30,2016-12-09 17:10:00,2.16666666667,12.8333333333,3,w,5700 Stony Island
2016-12-09 18:37:50,2016-12-09 19:15:20,5.83333333333,4.66666666667,3,w,5700 Stony Island
2016-12-09 19:26:50,2016-12-09 20:04:10,6.0,24.6666666667,3,w,5700 Stony Island
2016-12-09 20:56:40,2016-12-09 21:31:30,0,1.66666666667,3,w,5700 Stony Island
2016-12-09 21:47:10,2016-12-09 22:22:50,0,10.8333333333,3,w,5700 Stony Island
2016-12-10 00:57:40,2016-12-10 01:35:00,0.5,34.5,3,w,5700 Stony Island
2016-12-10 02:15:40,2016-12-10 02:52:30,0,59.5,3,w,5700 Stony Island
2016-12-10 05:15:40,2016-12-10 05:54:00,0.333333333333,1.66666666667,3,w,5700 Stony Island
2016-09-24 12:38:45,2016-09-24 13:38:15,0.75,0.0,4,d,5700 Stony Island
2016-09-24 14:23:30,2016-09-24 15:23:00,0.75,0.0,4,d,5700 Stony Island
2016-09-24 15:44:15,2016-09-24 16:43:45,1.0,0.0,4,d,5700 Stony Island
2016-09-25 01:02:45,2016-09-25 02:02:15,0.75,0.0,4,d,5700 Stony Island
2016-09-25 12:17:00,2016-09-25 13:16:30,1.0,0.0,4,d,5700 Stony Island
2016-09-25 15:21:00,2016-09-25 16:20:30,0.5,0.0,4,d,5700 Stony Island
2016-09-25 17:37:45,2016-09-25 18:37:15,1.5,0.0,4,d,5700 Stony Island
2016-09-25 19:27:45,2016-09-25 20:27:15,0.583333333333,0.0,4,d,5700 Stony Island
2016-09-26 08:11:45,2016-09-26 09:11:15,1.0,0.0,4,d,5700 Stony Island
2016-09-26 18:33:45,2016-09-26 19:33:15,18.25,0.0,4,d,5700 Stony Island
2016-09-26 19:52:15,2016-09-26 20:51:45,14.75,0.0,4,d,5700 Stony Island
2016-09-27 16:50:45,2016-09-27 17:50:15,0.5,0.0,4,d,5700 Stony Island
2016-09-28 12:37:00,2016-09-28 13:36:25,0.666666666667,0.0,4,d,5700 Stony Island
2016-09-28 14:39:45,2016-09-28 15:39:20,0.5,0.0,4,d,5700 Stony Island
2016-09-28 21:47:40,2016-09-28 22:47:00,0.666666666667,0.0,4,d,5700 Stony Island
2016-09-29 21:19:35,2016-09-29 22:18:50,2.0,0.0,4,d,5700 Stony Island
2016-09-30 09:13:10,2016-09-30 10:12:30,3.5,0.0,4,d,5700 Stony Island
2016-09-30 13:37:20,2016-09-30 14:36:50,0.666666666667,0.0,4,d,5700 Stony Island
2016-09-30 20:54:30,2016-09-30 21:53:50,1.0,0.0,4,d,5700 Stony Island
2016-09-30 22:24:30,2016-09-30 23:24:00,0.666666666667,0.0,4,d,5700 Stony Island
2016-10-01 11:09:40,2016-10-01 12:09:10,0.666666666667,0.0,4,d,5700 Stony Island
2016-10-01 13:44:00,2016-10-01 14:43:30,0.666666666667,0.0,4,d,5700 Stony Island
2016-10-01 16:46:00,2016-10-01 17:45:30,2.16666666667,0.166666666667,4,d,5700 Stony Island
2016-10-01 18:13:30,2016-10-01 19:13:00,0.5,0.0,4,d,5700 Stony Island
2016-10-02 08:37:40,2016-10-02 09:37:10,0.666666666667,0.0,4,d,5700 Stony Island
2016-10-02 13:16:20,2016-10-02 14:15:46,0.833333333333,0.0,4,d,5700 Stony Island
2016-10-02 15:30:50,2016-10-02 16:30:20,0.666666666667,0.0,4,d,5700 Stony Island
2016-10-02 17:08:10,2016-10-02 18:07:40,0.833333333333,0.0,4,d,5700 Stony Island
2016-10-02 18:33:00,2016-10-02 19:32:30,0.5,0.0,4,d,5700 Stony Island
2016-10-02 22:51:50,2016-10-02 23:51:20,0.5,0.0,4,d,5700 Stony Island
2016-10-03 11:29:40,2016-10-03 12:29:10,0.833333333333,0.0,4,d,5700 Stony Island
2016-10-03 19:31:40,2016-10-03 20:31:00,0.666666666667,0.0,4,d,5700 Stony Island
2016-10-04 15:06:20,2016-10-04 16:05:50,0.5,0.166666666667,4,d,5700 Stony Island
2016-10-04 19:43:40,2016-10-04 20:43:10,0.5,0.0,4,d,5700 Stony Island
2016-10-04 21:34:30,2016-10-04 22:33:50,0.666666666667,0.0,4,d,5700 Stony Island
2016-10-05 16:10:20,2016-10-05 17:09:50,2.16666666667,0.0,4,d,5700 Stony Island
2016-10-06 17:09:10,2016-10-06 18:08:30,0.666666666667,0.0,4,d,5700 Stony Island
2016-10-06 22:40:50,2016-10-06 23:40:20,1.33333333333,0.0,4,d,5700 Stony Island
2016-10-07 16:34:40,2016-10-07 17:34:10,0.666666666667,0.0,4,d,5700 Stony Island
2016-10-07 21:23:40,2016-10-07 22:23:10,0.5,0.0,4,d,5700 Stony Island
2016-10-08 10:43:00,2016-10-08 11:42:20,0.666666666667,0.0,4,d,5700 Stony Island
2016-10-08 14:41:40,2016-10-08 15:41:10,0.833333333333,0.0,4,d,5700 Stony Island
2016-10-08 22:01:40,2016-10-08 23:01:10,0.5,0.0,4,d,5700 Stony Island
2016-10-09 12:15:20,2016-10-09 13:14:41,0.666666666667,0.0,4,d,5700 Stony Island
2016-10-09 14:46:00,2016-10-09 15:45:30,0.666666666667,0.0,4,d,5700 Stony Island
2016-10-09 18:04:00,2016-10-09 19:03:30,0.666666666667,0.0,4,d,5700 Stony Island
2016-10-10 15:08:15,2016-10-10 16:07:50,0.666666666667,0.0,4,d,5700 Stony Island
2016-10-10 16:57:20,2016-10-10 17:56:50,0.5,0.0,4,d,5700 Stony Island
2016-10-10 21:20:40,2016-10-10 22:20:10,0.666666666667,0.0,4,d,5700 Stony Island
2016-10-10 23:05:30,2016-10-11 00:05:08,2.05,0.0,4,d,5700 Stony Island
2016-10-11 00:07:45,2016-10-11 01:07:00,0.666666666667,0.0,4,d,5700 Stony Island
2016-10-11 10:25:55,2016-10-11 11:25:30,0.5,0.0,4,d,5700 Stony Island
2016-10-11 14:53:30,2016-10-11 15:53:05,0.416666666667,0.0,4,d,5700 Stony Island
2016-10-11 16:19:50,2016-10-11 17:19:20,0.666666666667,0.0,4,d,5700 Stony Island
2016-10-11 23:43:50,2016-10-12 00:43:20,0.666666666667,0.0,4,d,5700 Stony Island
2016-10-12 20:55:20,2016-10-12 21:54:50,709.0,0.0,4,d,5700 Stony Island
2016-10-14 13:54:10,2016-10-14 14:53:40,0.666666666667,0.0,4,d,5700 Stony Island
2016-10-14 14:59:20,2016-10-14 15:58:50,2.5,0.166666666667,4,d,5700 Stony Island
2016-10-14 16:46:11,2016-10-14 17:45:31,0.65,0.0,4,d,5700 Stony Island
2016-10-14 20:48:30,2016-10-14 21:47:50,0.666666666667,0.0,4,d,5700 Stony Island
2016-10-14 22:09:40,2016-10-14 23:09:10,1.0,0.0,4,d,5700 Stony Island
2016-10-15 03:06:10,2016-10-15 04:05:30,0.666666666667,0.0,4,d,5700 Stony Island
2016-10-15 13:04:10,2016-10-15 14:03:30,0.666666666667,0.0,4,d,5700 Stony Island
2016-10-15 15:50:40,2016-10-15 16:50:10,0.666666666667,0.0,4,d,5700 Stony Island
2016-10-15 18:00:20,2016-10-15 18:59:50,2.33333333333,0.0,4,d,5700 Stony Island
2016-10-16 07:58:50,2016-10-16 08:58:20,5.83333333333,0.0,4,d,5700 Stony Island
2016-10-16 23:39:10,2016-10-17 00:38:40,0.666666666667,0.0,4,d,5700 Stony Island
2016-10-17 14:51:00,2016-10-17 15:50:30,0.5,0.0,4,d,5700 Stony Island
2016-10-17 22:36:40,2016-10-17 23:36:00,1.16666666667,0.0,4,d,5700 Stony Island
2016-10-18 00:58:20,2016-10-18 01:57:50,0.583333333333,0.0,4,d,5700 Stony Island
2016-10-18 18:44:10,2016-10-18 19:43:30,0.666666666667,0.0,4,d,5700 Stony Island
2016-10-18 20:07:20,2016-10-18 21:06:50,1.16666666667,0.0,4,d,5700 Stony Island
2016-10-18 23:13:40,2016-10-19 00:13:36,0.366666666667,0.533333333333,4,d,5700 Stony Island
2016-10-19 11:44:30,2016-10-19 12:44:00,1.33333333333,0.0,4,d,5700 Stony Island
2016-10-19 16:58:30,2016-10-19 17:57:50,1.66666666667,0.0,4,d,5700 Stony Island
2016-10-20 15:43:25,2016-10-20 16:43:00,0.5,0.0,4,d,5700 Stony Island
2016-10-20 19:38:50,2016-10-20 20:38:20,0.5,0.0,4,d,5700 Stony Island
2016-10-21 14:21:20,2016-10-21 15:20:50,0.666666666667,0.0,4,d,5700 Stony Island
2016-10-21 17:23:15,2016-10-21 18:22:40,0.833333333333,0.0,4,d,5700 Stony Island
2016-10-22 02:26:00,2016-10-22 03:25:30,0.666666666667,0.0,4,d,5700 Stony Island
2016-10-22 05:00:20,2016-10-22 05:59:50,1862.51666667,0.0,4,d,5700 Stony Island
2016-10-23 13:05:45,2016-10-23 14:05:20,0.583333333333,0.0,4,d,5700 Stony Island
2016-10-23 20:00:20,2016-10-23 20:59:40,0.666666666667,0.0,4,d,5700 Stony Island
2016-10-23 22:59:10,2016-10-23 23:58:35,12.9166666667,0.516666666667,4,d,5700 Stony Island
2016-10-24 23:38:20,2016-10-25 00:37:50,0.5,0.0,4,d,5700 Stony Island
2016-10-25 10:29:20,2016-10-25 11:28:50,0.5,0.0,4,d,5700 Stony Island
2016-10-25 15:56:20,2016-10-25 16:55:50,2.66666666667,0.0,4,d,5700 Stony Island
2016-10-25 18:38:50,2016-10-25 19:38:20,0.833333333333,0.0,4,d,5700 Stony Island
2016-10-25 19:43:10,2016-10-25 20:42:40,0.5,0.0,4,d,5700 Stony Island
2016-10-28 11:49:00,2016-10-28 12:48:20,0.666666666667,0.166666666667,4,d,5700 Stony Island
2016-10-28 15:57:00,2016-10-28 16:56:30,0.666666666667,0.0,4,d,5700 Stony Island
2016-10-29 10:56:20,2016-10-29 11:55:50,0.666666666667,0.0,4,d,5700 Stony Island
2016-10-29 15:14:50,2016-10-29 16:14:20,0.666666666667,0.0,4,d,5700 Stony Island
2016-10-29 16:36:10,2016-10-29 17:35:40,0.666666666667,0.0,4,d,5700 Stony Island
2016-10-29 17:53:50,2016-10-29 18:53:20,0.5,0.166666666667,4,d,5700 Stony Island
2016-10-29 23:09:10,2016-10-30 00:08:41,0.666666666667,0.35,4,d,5700 Stony Island
2016-10-30 14:08:25,2016-10-30 15:08:00,0.583333333333,0.0,4,d,5700 Stony Island
2016-10-31 01:57:30,2016-10-31 02:57:00,1.0,0.0,4,d,5700 Stony Island
2016-11-01 13:09:20,2016-11-01 14:08:50,0.5,0.0,4,d,5700 Stony Island
2016-11-01 18:51:30,2016-11-01 19:51:00,0.5,0.0,4,d,5700 Stony Island
2016-11-01 21:04:30,2016-11-01 22:04:00,0.5,0.0,4,d,5700 Stony Island
2016-11-01 22:22:50,2016-11-01 23:22:20,4.5,0.0,4,d,5700 Stony Island
2016-11-02 12:23:10,2016-11-02 13:22:40,4.16666666667,0.0,4,d,5700 Stony Island
2016-11-02 14:20:30,2016-11-02 15:19:50,1.08333333333,0.0,4,d,5700 Stony Island
2016-11-02 15:54:10,2016-11-02 16:53:35,0.583333333333,0.0,4,d,5700 Stony Island
2016-11-02 22:12:50,2016-11-02 23:12:20,0.666666666667,0.166666666667,4,d,5700 Stony Island
2016-11-03 15:57:50,2016-11-03 16:57:20,0.666666666667,0.0,4,d,5700 Stony Island
2016-11-03 17:39:00,2016-11-03 18:38:25,153.416666667,0.0,4,d,5700 Stony Island
2016-11-03 21:13:00,2016-11-03 22:12:30,0.666666666667,0.0,4,d,5700 Stony Island
2016-11-04 13:43:40,2016-11-04 14:43:10,0.666666666667,0.0,4,d,5700 Stony Island
2016-11-04 14:44:30,2016-11-04 15:43:50,0.666666666667,0.0,4,d,5700 Stony Island
2016-11-04 17:12:40,2016-11-04 18:12:10,1.0,0.0,4,d,5700 Stony Island
2016-11-04 19:55:55,2016-11-04 20:55:20,0.666666666667,0.0,4,d,5700 Stony Island
2016-11-05 08:46:00,2016-11-05 09:45:20,0.666666666667,0.0,4,d,5700 Stony Island
2016-11-05 13:12:30,2016-11-05 14:12:00,0.5,0.0,4,d,5700 Stony Island
2016-11-05 15:35:30,2016-11-05 16:34:50,0.666666666667,0.0,4,d,5700 Stony Island
2016-11-05 17:19:30,2016-11-05 18:19:00,0.666666666667,0.0,4,d,5700 Stony Island
2016-11-05 18:48:40,2016-11-05 19:48:10,0.583333333333,0.0,4,d,5700 Stony Island
2016-11-05 20:14:50,2016-11-05 21:14:20,0.666666666667,0.0,4,d,5700 Stony Island
2016-11-06 12:32:50,2016-11-06 13:32:20,0.5,0.0,4,d,5700 Stony Island
2016-11-06 14:01:20,2016-11-06 15:00:50,0.5,0.0,4,d,5700 Stony Island
2016-11-06 17:26:20,2016-11-06 18:25:50,0.5,0.0,4,d,5700 Stony Island
2016-11-06 19:36:20,2016-11-06 20:35:40,1.33333333333,0.0,4,d,5700 Stony Island
2016-11-07 02:33:00,2016-11-07 03:32:30,0.666666666667,0.0,4,d,5700 Stony Island
2016-11-07 19:15:50,2016-11-07 20:15:20,0.5,0.0,4,d,5700 Stony Island
2016-11-07 21:18:30,2016-11-07 22:17:50,0.833333333333,0.0,4,d,5700 Stony Island
2016-11-07 22:32:50,2016-11-07 23:32:10,2.16666666667,0.0,4,d,5700 Stony Island
2016-11-09 15:42:45,2016-11-09 16:42:21,0.483333333333,0.166666666667,4,d,5700 Stony Island
2016-11-09 17:20:15,2016-11-09 18:19:50,0.516666666667,0.0,4,d,5700 Stony Island
2016-11-09 19:52:10,2016-11-09 20:51:40,277.5,0.0,4,d,5700 Stony Island
2016-11-10 22:58:50,2016-11-10 23:58:10,0.666666666667,0.0,4,d,5700 Stony Island
2016-11-11 13:19:50,2016-11-11 14:19:20,0.5,0.166666666667,4,d,5700 Stony Island
2016-11-11 15:05:40,2016-11-11 16:05:00,0.666666666667,0.0,4,d,5700 Stony Island
2016-11-11 16:21:30,2016-11-11 17:21:00,0.666666666667,0.0,4,d,5700 Stony Island
2016-11-12 08:18:11,2016-11-12 09:17:40,0.666666666667,0.0,4,d,5700 Stony Island
2016-11-12 12:52:00,2016-11-12 13:51:30,2.08333333333,0.0,4,d,5700 Stony Island
2016-11-12 14:35:10,2016-11-12 15:34:30,0.5,0.0,4,d,5700 Stony Island
2016-11-13 01:11:30,2016-11-13 02:11:00,0.666666666667,0.0,4,d,5700 Stony Island
2016-11-13 11:53:10,2016-11-13 12:52:40,0.833333333333,0.0,4,d,5700 Stony Island
2016-11-13 13:12:00,2016-11-13 14:11:30,1.16666666667,0.0,4,d,5700 Stony Island
2016-11-13 14:27:40,2016-11-13 15:27:10,0.5,0.0,4,d,5700 Stony Island
2016-11-13 20:09:30,2016-11-13 21:09:00,0.666666666667,0.0,4,d,5700 Stony Island
2016-11-14 21:22:45,2016-11-14 22:22:00,0.666666666667,0.0,4,d,5700 Stony Island
2016-11-15 14:52:20,2016-11-15 15:51:50,0.5,0.166666666667,4,d,5700 Stony Island
2016-11-15 19:37:40,2016-11-15 20:37:10,1.83333333333,0.0,4,d,5700 Stony Island
2016-11-15 20:44:00,2016-11-15 21:43:30,0.666666666667,0.0,4,d,5700 Stony Island
2016-11-15 22:15:10,2016-11-15 23:14:30,0.666666666667,0.0,4,d,5700 Stony Island
2016-11-16 00:05:30,2016-11-16 01:04:50,503.75,0.0,4,d,5700 Stony Island
2016-11-16 17:54:10,2016-11-16 18:53:40,0.666666666667,0.0,4,d,5700 Stony Island
2016-11-16 20:29:00,2016-11-16 21:28:30,0.666666666667,0.0,4,d,5700 Stony Island
2016-11-17 13:43:00,2016-11-17 14:42:30,0.5,0.0,4,d,5700 Stony Island
2016-11-17 17:49:10,2016-11-17 18:48:40,0.5,0.0,4,d,5700 Stony Island
2016-11-18 16:14:21,2016-11-18 17:13:50,3.16666666667,0.0,4,d,5700 Stony Island
2016-11-18 18:59:10,2016-11-18 19:58:40,0.5,0.166666666667,4,d,5700 Stony Island
2016-11-19 14:06:00,2016-11-19 15:05:30,2.0,0.0,4,d,5700 Stony Island
2016-11-20 15:41:20,2016-11-20 16:40:40,42.5,0.0,4,d,5700 Stony Island
2016-11-20 19:49:40,2016-11-20 20:49:10,0.5,0.0,4,d,5700 Stony Island
2016-11-20 21:34:40,2016-11-20 22:34:10,0.666666666667,0.166666666667,4,d,5700 Stony Island
2016-11-20 23:17:10,2016-11-21 00:16:41,0.55,0.0,4,d,5700 Stony Island
2016-11-21 05:35:50,2016-11-21 06:35:20,0.666666666667,0.0,4,d,5700 Stony Island
2016-11-21 13:37:30,2016-11-21 14:36:50,0.666666666667,0.0,4,d,5700 Stony Island
2016-11-21 15:54:20,2016-11-21 16:53:50,1.5,0.166666666667,4,d,5700 Stony Island
2016-11-21 17:03:30,2016-11-21 18:02:50,1.83333333333,0.0,4,d,5700 Stony Island
2016-11-21 20:21:30,2016-11-21 21:20:56,0.9,0.0,4,d,5700 Stony Island
2016-11-21 22:10:15,2016-11-21 23:09:40,0.666666666667,0.0,4,d,5700 Stony Island
2016-11-22 08:05:20,2016-11-22 09:04:50,0.666666666667,0.0,4,d,5700 Stony Island
2016-11-22 17:36:10,2016-11-22 18:35:40,0.5,0.166666666667,4,d,5700 Stony Island
2016-11-22 18:54:40,2016-11-22 19:54:10,2.66666666667,0.0,4,d,5700 Stony Island
2016-11-22 21:44:00,2016-11-22 22:43:30,1.66666666667,0.166666666667,4,d,5700 Stony Island
2016-11-23 19:46:40,2016-11-23 20:46:10,1165.16666667,0.0,4,d,5700 Stony Island
2016-11-26 19:14:30,2016-11-26 20:14:00,0.666666666667,0.0,4,d,5700 Stony Island
2016-11-27 12:36:10,2016-11-27 13:35:40,0.5,0.0,4,d,5700 Stony Island
2016-11-27 13:49:40,2016-11-27 14:49:10,1.5,0.0,4,d,5700 Stony Island
2016-11-28 18:50:00,2016-11-28 19:49:30,0.833333333333,0.0,4,d,5700 Stony Island
2016-11-28 21:11:50,2016-11-28 22:11:10,3.33333333333,0.0,4,d,5700 Stony Island
2016-11-29 15:18:30,2016-11-29 16:17:50,0.666666666667,0.0,4,d,5700 Stony Island
2016-11-30 15:28:41,2016-11-30 16:28:10,0.666666666667,0.0,4,d,5700 Stony Island
2016-11-30 17:02:10,2016-11-30 18:01:30,0.683333333333,0.0,4,d,5700 Stony Island
2016-11-30 19:54:00,2016-11-30 20:53:31,0.983333333333,0.0,4,d,5700 Stony Island
2016-12-01 10:42:00,2016-12-01 11:41:20,0.833333333333,0.0,4,d,5700 Stony Island
2016-12-01 14:33:30,2016-12-01 15:33:00,0.5,0.0,4,d,5700 Stony Island
2016-12-01 17:42:50,2016-12-01 18:42:20,0.5,0.0,4,d,5700 Stony Island
2016-12-02 04:34:10,2016-12-02 05:33:40,0.5,0.0,4,d,5700 Stony Island
2016-12-02 12:45:40,2016-12-02 13:45:00,0.666666666667,0.0,4,d,5700 Stony Island
2016-12-02 21:43:00,2016-12-02 22:42:30,0.666666666667,0.0,4,d,5700 Stony Island
2016-12-03 12:34:20,2016-12-03 13:33:40,0.5,0.0,4,d,5700 Stony Island
2016-12-03 14:44:40,2016-12-03 15:44:10,3.0,0.0,4,d,5700 Stony Island
2016-12-03 19:01:10,2016-12-03 20:00:40,0.5,0.0,4,d,5700 Stony Island
2016-12-03 20:42:50,2016-12-03 21:42:10,0.666666666667,0.0,4,d,5700 Stony Island
2016-12-03 23:35:00,2016-12-04 00:34:41,0.483333333333,0.0,4,d,5700 Stony Island
2016-12-04 13:35:10,2016-12-04 14:34:40,0.666666666667,0.0,4,d,5700 Stony Island
2016-12-05 10:24:30,2016-12-05 11:24:00,0.666666666667,0.0,4,d,5700 Stony Island
2016-12-05 12:11:50,2016-12-05 13:11:20,0.5,0.0,4,d,5700 Stony Island
2016-12-06 12:03:50,2016-12-06 13:03:20,0.666666666667,0.0,4,d,5700 Stony Island
2016-12-06 13:07:40,2016-12-06 14:07:00,0.666666666667,0.0,4,d,5700 Stony Island
2016-12-06 14:17:40,2016-12-06 15:17:10,0.5,0.0,4,d,5700 Stony Island
2016-12-06 19:16:10,2016-12-06 20:15:40,0.5,0.0,4,d,5700 Stony Island
2016-12-07 13:35:00,2016-12-07 14:34:30,0.833333333333,0.0,4,d,5700 Stony Island
2016-12-08 15:58:30,2016-12-08 16:58:00,0.666666666667,0.0,4,d,5700 Stony Island
2016-12-09 01:31:50,2016-12-09 02:31:20,0.5,0.166666666667,4,d,5700 Stony Island
2016-12-09 10:39:40,2016-12-09 11:39:10,82.5,0.0,4,d,5700 Stony Island
2016-12-09 13:06:30,2016-12-09 14:05:55,0.75,0.0,4,d,5700 Stony Island
2016-12-09 14:19:50,2016-12-09 15:19:20,1.0,0.0,4,d,5700 Stony Island
2016-12-09 15:29:30,2016-12-09 16:29:00,1.5,0.0,4,d,5700 Stony Island
2016-12-09 16:35:10,2016-12-09 17:34:35,0.583333333333,0.0,4,d,5700 Stony Island
2016-12-09 17:40:10,2016-12-09 18:39:40,0.666666666667,0.0,4,d,5700 Stony Island
2016-12-09 20:35:50,2016-12-09 21:35:10,0.666666666667,0.0,4,d,5700 Stony Island
2016-12-09 22:34:50,2016-12-09 23:34:20,155.666666667,0.0,4,d,5700 Stony Island
2016-12-10 02:14:40,2016-12-10 03:14:00,0.666666666667,0.0,4,d,5700 Stony Island
2016-12-10 03:55:40,2016-12-10 04:55:10,0.666666666667,0.0,4,d,5700 Stony Island
2016-12-10 05:13:40,2016-12-10 06:13:15,0.583333333333,0.0,4,d,5700 Stony Island
2016-12-10 06:23:50,2016-12-10 07:23:20,0.5,0.0,4,d,5700 Stony Island
2016-12-10 09:43:40,2016-12-10 10:43:00,0.666666666667,0.0,4,d,5700 Stony Island
2016-09-24 10:45:00,2016-09-24 11:44:30,1.0,0.0,5,d,5700 Stony Island
2016-09-24 11:58:00,2016-09-24 12:57:15,0.75,0.0,5,d,5700 Stony Island
2016-09-24 15:07:00,2016-09-24 16:06:30,0.5,0.0,5,d,5700 Stony Island
2016-09-25 10:33:01,2016-09-25 11:32:30,2.25,0.25,5,d,5700 Stony Island
2016-09-25 12:17:00,2016-09-25 13:16:30,0.5,0.0,5,d,5700 Stony Island
2016-09-25 14:24:15,2016-09-25 15:23:45,0.5,0.0,5,d,5700 Stony Island
2016-09-25 17:53:45,2016-09-25 18:53:15,0.5,0.0,5,d,5700 Stony Island
2016-09-26 21:43:45,2016-09-26 22:43:15,0.5,0.0,5,d,5700 Stony Island
2016-09-27 11:16:45,2016-09-27 12:16:15,1.0,0.0,5,d,5700 Stony Island
2016-09-28 21:52:20,2016-09-28 22:51:50,0.666666666667,0.0,5,d,5700 Stony Island
2016-09-29 01:16:00,2016-09-29 02:15:30,0.666666666667,0.0,5,d,5700 Stony Island
2016-09-29 14:21:30,2016-09-29 15:21:00,2.33333333333,0.0,5,d,5700 Stony Island
2016-09-30 11:52:11,2016-09-30 12:51:30,0.666666666667,0.0,5,d,5700 Stony Island
2016-09-30 14:11:30,2016-09-30 15:11:00,2.83333333333,0.0,5,d,5700 Stony Island
2016-09-30 17:22:10,2016-09-30 18:21:40,0.5,0.0,5,d,5700 Stony Island
2016-09-30 20:54:30,2016-09-30 21:53:50,0.833333333333,0.0,5,d,5700 Stony Island
2016-10-01 11:08:20,2016-10-01 12:07:50,0.666666666667,0.0,5,d,5700 Stony Island
2016-10-01 12:50:40,2016-10-01 13:50:10,442.666666667,0.0,5,d,5700 Stony Island
2016-10-01 21:13:40,2016-10-01 22:13:00,2.58333333333,0.0,5,d,5700 Stony Island
2016-10-02 03:33:20,2016-10-02 04:32:40,1.0,0.0,5,d,5700 Stony Island
2016-10-02 08:37:40,2016-10-02 09:37:10,0.666666666667,0.0,5,d,5700 Stony Island
2016-10-02 14:40:58,2016-10-02 15:21:00,4.33333333333,0.0,5,d,5700 Stony Island
2016-10-02 15:54:20,2016-10-02 16:53:50,44.5833333333,0.0,5,d,5700 Stony Island
2016-10-02 17:48:30,2016-10-02 18:48:00,9.33333333333,0.0,5,d,5700 Stony Island
2016-10-02 21:04:20,2016-10-02 22:03:50,0.833333333333,0.0,5,d,5700 Stony Island
2016-10-02 23:43:00,2016-10-03 00:42:20,0.666666666667,0.0,5,d,5700 Stony Island
2016-10-04 17:50:20,2016-10-04 18:49:50,3.16666666667,0.0,5,d,5700 Stony Island
2016-10-04 19:43:40,2016-10-04 20:43:10,0.666666666667,0.0,5,d,5700 Stony Island
2016-10-05 20:27:50,2016-10-05 21:27:20,0.666666666667,0.0,5,d,5700 Stony Island
2016-10-07 13:05:00,2016-10-07 14:04:20,0.833333333333,0.0,5,d,5700 Stony Island
2016-10-07 14:17:30,2016-10-07 15:17:00,0.5,0.0,5,d,5700 Stony Island
2016-10-07 16:34:40,2016-10-07 17:34:10,0.5,0.0,5,d,5700 Stony Island
2016-10-07 20:06:40,2016-10-07 21:06:10,5.66666666667,0.0,5,d,5700 Stony Island
2016-10-08 00:56:40,2016-10-08 01:56:10,0.666666666667,0.0,5,d,5700 Stony Island
2016-10-08 14:41:50,2016-10-08 15:41:10,0.666666666667,0.0,5,d,5700 Stony Island
2016-10-08 16:09:00,2016-10-08 17:08:30,0.5,0.0,5,d,5700 Stony Island
2016-10-08 22:01:40,2016-10-08 23:01:10,0.5,0.0,5,d,5700 Stony Island
2016-10-09 12:23:40,2016-10-09 13:23:11,0.683333333333,0.0,5,d,5700 Stony Island
2016-10-09 14:46:00,2016-10-09 15:45:20,0.833333333333,0.0,5,d,5700 Stony Island
2016-10-09 18:16:50,2016-10-09 19:16:20,1.33333333333,0.0,5,d,5700 Stony Island
2016-10-09 19:19:50,2016-10-09 20:19:20,1.25,0.0,5,d,5700 Stony Island
2016-10-10 14:46:50,2016-10-10 15:46:20,2.16666666667,0.0,5,d,5700 Stony Island
2016-10-10 22:03:50,2016-10-10 23:03:10,0.666666666667,0.0,5,d,5700 Stony Island
2016-10-11 11:27:40,2016-10-11 12:27:10,146.5,0.0,5,d,5700 Stony Island
2016-10-11 18:52:40,2016-10-11 19:52:00,0.666666666667,0.0,5,d,5700 Stony Island
2016-10-12 00:47:40,2016-10-12 01:47:10,36.8333333333,0.0,5,d,5700 Stony Island
2016-10-12 11:54:10,2016-10-12 12:53:40,0.666666666667,0.0,5,d,5700 Stony Island
2016-10-12 20:55:20,2016-10-12 21:54:50,56.5,0.0,5,d,5700 Stony Island
2016-10-13 13:30:20,2016-10-13 14:29:50,0.5,0.0,5,d,5700 Stony Island
2016-10-13 17:40:10,2016-10-13 18:39:40,0.666666666667,0.0,5,d,5700 Stony Island
2016-10-14 14:31:30,2016-10-14 15:30:50,0.833333333333,0.0,5,d,5700 Stony Island
2016-10-14 15:59:30,2016-10-14 16:58:50,0.833333333333,0.0,5,d,5700 Stony Island
2016-10-14 17:10:50,2016-10-14 18:10:20,25.5,0.0,5,d,5700 Stony Island
2016-10-14 18:37:20,2016-10-14 19:36:50,0.666666666667,0.0,5,d,5700 Stony Island
2016-10-14 20:48:40,2016-10-14 21:47:50,0.666666666667,0.0,5,d,5700 Stony Island
2016-10-14 22:24:41,2016-10-14 23:24:10,0.5,0.0,5,d,5700 Stony Island
2016-10-15 15:59:10,2016-10-15 16:58:40,0.666666666667,0.0,5,d,5700 Stony Island
2016-10-15 17:04:10,2016-10-15 18:03:40,0.666666666667,0.0,5,d,5700 Stony Island
2016-10-15 20:18:50,2016-10-15 21:18:25,0.416666666667,0.0,5,d,5700 Stony Island
2016-10-16 10:53:30,2016-10-16 11:53:00,1.83333333333,0.0,5,d,5700 Stony Island
2016-10-16 22:35:20,2016-10-16 23:34:40,0.666666666667,0.0,5,d,5700 Stony Island
2016-10-17 00:07:51,2016-10-17 01:06:00,0.666666666667,0.0,5,d,5700 Stony Island
2016-10-17 15:12:40,2016-10-17 16:12:10,0.666666666667,0.0,5,d,5700 Stony Island
2016-10-17 16:20:30,2016-10-17 17:20:00,0.5,0.166666666667,5,d,5700 Stony Island
2016-10-17 21:30:45,2016-10-17 22:30:00,0.666666666667,0.0,5,d,5700 Stony Island
2016-10-18 10:42:30,2016-10-18 11:41:50,1.0,0.0,5,d,5700 Stony Island
2016-10-18 13:39:00,2016-10-18 14:38:30,0.666666666667,0.0,5,d,5700 Stony Island
2016-10-18 18:44:10,2016-10-18 19:43:30,0.666666666667,0.0,5,d,5700 Stony Island
2016-10-18 20:07:30,2016-10-18 21:07:00,1.0,0.0,5,d,5700 Stony Island
2016-10-19 13:03:35,2016-10-19 14:03:00,0.5,0.0,5,d,5700 Stony Island
2016-10-20 16:47:40,2016-10-20 17:47:00,0.833333333333,0.0,5,d,5700 Stony Island
2016-10-20 18:00:10,2016-10-20 18:59:40,1.33333333333,0.0,5,d,5700 Stony Island
2016-10-21 09:34:40,2016-10-21 10:34:10,3.0,0.0,5,d,5700 Stony Island
2016-10-21 14:37:00,2016-10-21 15:36:30,0.666666666667,0.0,5,d,5700 Stony Island
2016-10-21 17:23:15,2016-10-21 18:22:40,0.833333333333,0.0,5,d,5700 Stony Island
2016-10-22 02:26:00,2016-10-22 03:25:30,0.666666666667,0.0,5,d,5700 Stony Island
2016-10-22 09:11:30,2016-10-22 10:11:00,0.666666666667,0.0,5,d,5700 Stony Island
2016-10-22 22:04:10,2016-10-22 23:03:40,0.5,0.0,5,d,5700 Stony Island
2016-10-23 13:28:15,2016-10-23 14:27:40,0.583333333333,0.0,5,d,5700 Stony Island
2016-10-23 17:52:40,2016-10-23 18:52:10,266.25,0.0,5,d,5700 Stony Island
2016-10-23 23:32:50,2016-10-24 00:33:20,0,0.333333333333,5,d,5700 Stony Island
2016-10-24 20:36:20,2016-10-24 21:35:50,0.666666666667,0.0,5,d,5700 Stony Island
2016-10-25 00:08:00,2016-10-25 01:07:30,0.666666666667,0.0,5,d,5700 Stony Island
2016-10-25 02:26:50,2016-10-25 03:26:20,0.5,0.0,5,d,5700 Stony Island
2016-10-26 18:15:40,2016-10-26 19:15:10,214.0,0.0,5,d,5700 Stony Island
2016-10-26 22:53:20,2016-10-26 23:52:50,0.583333333333,0.0,5,d,5700 Stony Island
2016-10-27 13:46:10,2016-10-27 14:45:40,0.666666666667,0.0,5,d,5700 Stony Island
2016-10-27 15:21:00,2016-10-27 16:20:30,1.16666666667,0.0,5,d,5700 Stony Island
2016-10-27 20:51:20,2016-10-27 21:50:40,0.833333333333,0.0,5,d,5700 Stony Island
2016-10-28 09:52:00,2016-10-28 10:51:30,4.16666666667,0.0,5,d,5700 Stony Island
2016-10-28 11:39:50,2016-10-28 12:39:21,0.65,0.0,5,d,5700 Stony Island
2016-10-28 12:40:41,2016-10-28 13:40:10,0.666666666667,0.0,5,d,5700 Stony Island
2016-10-28 14:41:10,2016-10-28 15:40:41,1.81666666667,0.0,5,d,5700 Stony Island
2016-10-28 16:21:50,2016-10-28 17:21:20,0.5,0.0,5,d,5700 Stony Island
2016-10-28 18:41:40,2016-10-28 19:41:15,0.416666666667,0.0,5,d,5700 Stony Island
2016-10-29 11:53:50,2016-10-29 12:53:20,0.5,0.0,5,d,5700 Stony Island
2016-10-29 14:23:10,2016-10-29 15:22:40,0.5,0.0,5,d,5700 Stony Island
2016-10-29 17:27:20,2016-10-29 18:26:40,2.33333333333,0.0,5,d,5700 Stony Island
2016-10-29 19:27:50,2016-10-29 20:27:20,0.5,0.0,5,d,5700 Stony Island
2016-10-29 21:08:00,2016-10-29 22:07:30,4.0,0.0,5,d,5700 Stony Island
2016-10-29 23:09:10,2016-10-30 00:08:41,1.01666666667,0.0,5,d,5700 Stony Island
2016-10-30 17:33:25,2016-10-30 18:32:50,0.5,0.0,5,d,5700 Stony Island
2016-10-30 21:51:30,2016-10-30 22:51:00,0.5,0.0,5,d,5700 Stony Island
2016-11-01 14:34:50,2016-11-01 15:34:20,0.666666666667,0.0,5,d,5700 Stony Island
2016-11-01 23:19:30,2016-11-02 00:19:06,0.75,0.583333333333,5,d,5700 Stony Island
2016-11-02 15:32:30,2016-11-02 16:31:50,0.666666666667,0.0,5,d,5700 Stony Island
2016-11-03 16:31:20,2016-11-03 17:30:50,0.666666666667,0.0,5,d,5700 Stony Island
2016-11-03 17:46:20,2016-11-03 18:45:40,0.666666666667,0.0,5,d,5700 Stony Island
2016-11-03 21:13:10,2016-11-03 22:12:30,0.666666666667,0.0,5,d,5700 Stony Island
2016-11-03 23:35:50,2016-11-04 00:35:13,0.7,0.0,5,d,5700 Stony Island
2016-11-04 11:56:40,2016-11-04 12:56:10,0.5,0.0,5,d,5700 Stony Island
2016-11-04 13:36:30,2016-11-04 14:36:00,3.33333333333,0.0,5,d,5700 Stony Island
2016-11-05 08:53:20,2016-11-05 09:52:50,4.83333333333,0.0,5,d,5700 Stony Island
2016-11-05 16:14:40,2016-11-05 17:14:10,0.833333333333,0.0,5,d,5700 Stony Island
2016-11-05 17:54:40,2016-11-05 18:54:10,1.16666666667,0.0,5,d,5700 Stony Island
2016-11-05 19:55:10,2016-11-05 20:54:40,0.5,0.0,5,d,5700 Stony Island
2016-11-06 14:01:20,2016-11-06 15:00:50,0.666666666667,0.0,5,d,5700 Stony Island
2016-11-06 20:30:20,2016-11-06 21:29:50,0.5,0.0,5,d,5700 Stony Island
2016-11-06 22:53:30,2016-11-06 23:53:00,0.666666666667,0.0,5,d,5700 Stony Island
2016-11-07 18:48:50,2016-11-07 19:48:20,0.666666666667,0.0,5,d,5700 Stony Island
2016-11-07 21:18:30,2016-11-07 22:18:00,0.666666666667,0.166666666667,5,d,5700 Stony Island
2016-11-07 22:31:30,2016-11-07 23:30:50,0.666666666667,0.0,5,d,5700 Stony Island
2016-11-13 12:27:40,2016-11-13 13:27:10,1.33333333333,0.166666666667,5,d,5700 Stony Island
2016-11-13 13:39:30,2016-11-13 14:39:00,0.5,0.0,5,d,5700 Stony Island
2016-11-13 19:31:00,2016-11-13 20:30:30,0.5,0.0,5,d,5700 Stony Island
2016-11-13 22:14:20,2016-11-13 23:13:50,0.666666666667,0.0,5,d,5700 Stony Island
2016-11-14 23:31:05,2016-11-15 00:31:00,0.166666666667,1.15,5,d,5700 Stony Island
2016-11-15 14:52:20,2016-11-15 15:51:50,0.666666666667,0.0,5,d,5700 Stony Island
2016-11-15 22:55:20,2016-11-15 23:54:50,0.5,0.0,5,d,5700 Stony Island
2016-11-16 08:27:20,2016-11-16 09:26:50,0.666666666667,0.0,5,d,5700 Stony Island
2016-11-16 15:08:40,2016-11-16 16:08:10,0.5,0.0,5,d,5700 Stony Island
2016-11-16 22:02:00,2016-11-16 23:01:20,0.683333333333,0.0,5,d,5700 Stony Island
2016-11-17 02:38:00,2016-11-17 03:37:20,3.83333333333,0.0,5,d,5700 Stony Island
2016-11-17 17:27:40,2016-11-17 18:27:10,0.583333333333,0.0,5,d,5700 Stony Island
2016-11-18 00:47:50,2016-11-18 01:47:20,1.83333333333,0.0,5,d,5700 Stony Island
2016-11-18 08:34:00,2016-11-18 09:33:30,3.83333333333,0.0,5,d,5700 Stony Island
2016-11-18 15:07:50,2016-11-18 16:07:20,1.5,0.0,5,d,5700 Stony Island
2016-11-19 15:49:40,2016-11-19 16:49:11,0.65,0.0,5,d,5700 Stony Island
2016-11-19 18:07:00,2016-11-19 19:06:20,0.666666666667,0.0,5,d,5700 Stony Island
2016-11-20 12:05:20,2016-11-20 13:04:50,0.5,0.166666666667,5,d,5700 Stony Island
2016-11-20 16:23:40,2016-11-20 17:23:10,1.33333333333,0.0,5,d,5700 Stony Island
2016-11-20 18:00:00,2016-11-20 18:59:20,241.016666667,0.0,5,d,5700 Stony Island
2016-11-20 23:02:30,2016-11-21 00:02:03,0.583333333333,1.63333333333,5,d,5700 Stony Island
2016-11-21 00:14:40,2016-11-21 01:13:50,5.0,0.0,5,d,5700 Stony Island
2016-11-21 20:21:30,2016-11-21 21:20:56,0.733333333333,0.0,5,d,5700 Stony Island
2016-11-21 22:41:51,2016-11-21 23:41:20,0.666666666667,0.0,5,d,5700 Stony Island
2016-11-22 00:34:30,2016-11-22 01:33:50,0.666666666667,0.0,5,d,5700 Stony Island
2016-11-22 17:44:50,2016-11-22 18:44:20,1.0,0.0,5,d,5700 Stony Island
2016-11-23 07:58:10,2016-11-23 08:57:41,0.483333333333,0.0,5,d,5700 Stony Island
2016-11-23 11:38:30,2016-11-23 12:38:00,0.666666666667,0.0,5,d,5700 Stony Island
2016-11-23 13:14:00,2016-11-23 14:13:30,0.5,0.0,5,d,5700 Stony Island
2016-11-23 19:46:40,2016-11-23 20:46:10,1162.0,0.0,5,d,5700 Stony Island
2016-11-24 16:11:50,2016-11-24 17:11:20,0.5,0.0,5,d,5700 Stony Island
2016-11-24 17:16:50,2016-11-24 18:16:20,0.75,0.0,5,d,5700 Stony Island
2016-11-25 14:53:40,2016-11-25 15:53:10,0.5,0.0,5,d,5700 Stony Island
2016-11-26 20:12:00,2016-11-26 21:11:20,0.5,0.0,5,d,5700 Stony Island
2016-11-27 12:36:10,2016-11-27 13:35:40,0.5,0.0,5,d,5700 Stony Island
2016-11-27 13:53:20,2016-11-27 14:52:45,0.666666666667,0.0,5,d,5700 Stony Island
2016-11-27 14:55:00,2016-11-27 15:54:30,0.5,0.0,5,d,5700 Stony Island
2016-11-27 23:44:00,2016-11-28 00:43:20,0.666666666667,0.0,5,d,5700 Stony Island
2016-11-28 08:22:05,2016-11-28 09:21:40,0.5,0.0,5,d,5700 Stony Island
2016-11-28 18:50:10,2016-11-28 19:49:30,0.833333333333,0.0,5,d,5700 Stony Island
2016-11-28 22:39:11,2016-11-28 23:38:30,2.18333333333,0.0,5,d,5700 Stony Island
2016-11-29 15:18:30,2016-11-29 16:17:50,0.666666666667,0.0,5,d,5700 Stony Island
2016-11-30 15:28:41,2016-11-30 16:28:10,167.666666667,0.0,5,d,5700 Stony Island
2016-12-01 13:11:10,2016-12-01 14:10:40,1.83333333333,0.0,5,d,5700 Stony Island
2016-12-01 14:30:20,2016-12-01 15:29:50,0.5,0.0,5,d,5700 Stony Island
2016-12-01 16:30:30,2016-12-01 17:30:00,0.666666666667,0.0,5,d,5700 Stony Island
2016-12-02 11:50:30,2016-12-02 12:50:00,0.5,0.0,5,d,5700 Stony Island
2016-12-02 21:43:00,2016-12-02 22:42:30,0.666666666667,0.0,5,d,5700 Stony Island
2016-12-03 14:18:00,2016-12-03 15:17:30,0.5,0.0,5,d,5700 Stony Island
2016-12-03 20:03:10,2016-12-03 21:02:40,0.583333333333,0.0,5,d,5700 Stony Island
2016-12-04 00:44:01,2016-12-04 01:43:30,0.666666666667,0.0,5,d,5700 Stony Island
2016-12-04 08:36:53,2016-12-04 09:36:10,0.666666666667,0.0,5,d,5700 Stony Island
2016-12-04 12:52:10,2016-12-04 13:51:40,0.683333333333,0.0,5,d,5700 Stony Island
2016-12-04 14:31:30,2016-12-04 15:31:00,3.66666666667,0.0,5,d,5700 Stony Island
2016-12-04 21:03:40,2016-12-04 22:03:10,4.0,0.0,5,d,5700 Stony Island
2016-12-04 23:57:40,2016-12-05 00:57:17,0.383333333333,0.0,5,d,5700 Stony Island
2016-12-05 12:11:50,2016-12-05 13:11:20,0.5,0.0,5,d,5700 Stony Island
2016-12-06 00:31:03,2016-12-06 01:29:40,0.666666666667,0.0,5,d,5700 Stony Island
2016-12-06 13:52:00,2016-12-06 14:51:20,0.666666666667,0.0,5,d,5700 Stony Island
2016-12-06 19:16:10,2016-12-06 20:15:40,0.666666666667,0.0,5,d,5700 Stony Island
2016-12-07 11:46:10,2016-12-07 12:45:40,0.5,0.0,5,d,5700 Stony Island
2016-12-07 13:38:50,2016-12-07 14:38:25,1.08333333333,0.0,5,d,5700 Stony Island
2016-12-07 14:51:20,2016-12-07 15:50:40,0.666666666667,0.0,5,d,5700 Stony Island
2016-12-07 21:26:50,2016-12-07 22:26:20,1.0,0.0,5,d,5700 Stony Island
2016-12-07 23:50:40,2016-12-08 00:50:10,3.16666666667,0.0,5,d,5700 Stony Island
2016-12-09 01:31:50,2016-12-09 02:31:20,0.5,0.0,5,d,5700 Stony Island
2016-12-09 11:59:10,2016-12-09 12:58:40,0.5,0.0,5,d,5700 Stony Island
2016-12-09 13:06:30,2016-12-09 14:05:55,0.75,0.0,5,d,5700 Stony Island
2016-12-09 15:17:30,2016-12-09 16:17:00,0.666666666667,0.0,5,d,5700 Stony Island
2016-12-09 18:02:00,2016-12-09 19:01:21,0.65,0.0,5,d,5700 Stony Island
2016-12-09 19:49:40,2016-12-09 20:49:10,0.666666666667,0.0,5,d,5700 Stony Island
2016-12-09 21:35:50,2016-12-09 22:35:20,0.583333333333,0.0,5,d,5700 Stony Island
2016-12-09 23:10:50,2016-12-10 00:10:30,1.41666666667,2.41666666667,5,d,5700 Stony Island
2016-12-10 02:14:40,2016-12-10 03:14:00,0.666666666667,0.0,5,d,5700 Stony Island
2016-12-10 05:13:50,2016-12-10 06:13:15,0.916666666667,0.0,5,d,5700 Stony Island
2016-12-10 06:40:30,2016-12-10 07:39:50,0.666666666667,0.0,5,d,5700 Stony Island
2016-09-24 10:45:00,2016-09-24 11:44:30,0.5,0.0,6,d,5700 Stony Island
2016-09-24 11:54:30,2016-09-24 12:54:00,0.5,0.25,6,d,5700 Stony Island
2016-09-24 14:21:45,2016-09-24 15:21:15,0.75,0.0,6,d,5700 Stony Island
2016-09-25 09:54:15,2016-09-25 10:53:45,0.75,0.0,6,d,5700 Stony Island
2016-09-25 14:20:45,2016-09-25 15:20:15,3.0,0.25,6,d,5700 Stony Island
2016-09-25 16:38:15,2016-09-25 17:37:45,0.75,0.0,6,d,5700 Stony Island
2016-09-25 18:23:15,2016-09-25 19:22:45,0.75,0.0,6,d,5700 Stony Island
2016-09-25 21:44:20,2016-09-25 22:43:50,0.666666666667,0.0,6,d,5700 Stony Island
2016-09-26 19:04:30,2016-09-26 20:03:50,0.666666666667,0.0,6,d,5700 Stony Island
2016-09-26 22:56:15,2016-09-26 23:55:45,3.25,0.0,6,d,5700 Stony Island
2016-09-27 18:04:15,2016-09-27 19:03:45,0.5,0.0,6,d,5700 Stony Island
2016-09-28 13:12:10,2016-09-28 14:11:40,0.5,0.0,6,d,5700 Stony Island
2016-09-29 01:16:00,2016-09-29 02:15:30,0.5,0.0,6,d,5700 Stony Island
2016-09-29 14:43:55,2016-09-29 15:43:30,0.666666666667,0.0,6,d,5700 Stony Island
2016-09-29 15:49:30,2016-09-29 16:49:00,0.833333333333,0.0,6,d,5700 Stony Island
2016-09-30 21:13:40,2016-09-30 22:13:10,0.666666666667,0.0,6,d,5700 Stony Island
2016-10-01 11:19:10,2016-10-01 12:18:30,0.666666666667,0.0,6,d,5700 Stony Island
2016-10-01 16:19:00,2016-10-01 17:18:25,0.583333333333,0.0,6,d,5700 Stony Island
2016-10-01 21:13:40,2016-10-01 22:13:10,2.41666666667,0.0,6,d,5700 Stony Island
2016-10-02 09:14:30,2016-10-02 10:14:00,39.8333333333,0.0,6,d,5700 Stony Island
2016-10-02 13:31:10,2016-10-02 14:40:58,0.0,0.0,6,d,5700 Stony Island
2016-10-02 21:04:20,2016-10-02 22:03:50,0.5,0.0,6,d,5700 Stony Island
2016-10-03 10:40:00,2016-10-03 11:39:30,0.666666666667,0.0,6,d,5700 Stony Island
2016-10-05 20:27:50,2016-10-05 21:27:20,0.666666666667,0.0,6,d,5700 Stony Island
2016-10-06 14:04:30,2016-10-06 15:04:00,0.833333333333,0.0,6,d,5700 Stony Island
2016-10-06 15:12:20,2016-10-06 16:11:40,0.666666666667,0.0,6,d,5700 Stony Island
2016-10-06 20:01:00,2016-10-06 21:00:30,0.666666666667,0.5,6,d,5700 Stony Island
2016-10-07 13:04:50,2016-10-07 14:04:20,0.833333333333,0.166666666667,6,d,5700 Stony Island
2016-10-07 22:17:50,2016-10-07 23:17:20,0.666666666667,0.0,6,d,5700 Stony Island
2016-10-08 15:46:50,2016-10-08 16:46:20,0.5,0.0,6,d,5700 Stony Island
2016-10-08 17:13:30,2016-10-08 18:15:06,0.0,0.0,6,d,5700 Stony Island
2016-10-08 22:50:20,2016-10-08 23:49:40,0.666666666667,0.0,6,d,5700 Stony Island
2016-10-09 10:05:10,2016-10-09 11:04:40,0.5,0.0,6,d,5700 Stony Island
2016-10-09 12:23:40,2016-10-09 13:23:11,0.683333333333,0.0,6,d,5700 Stony Island
2016-10-09 15:02:20,2016-10-09 16:01:50,0.666666666667,0.0,6,d,5700 Stony Island
2016-10-09 16:46:10,2016-10-09 17:45:45,0.416666666667,0.0,6,d,5700 Stony Island
2016-10-09 18:45:30,2016-10-09 19:45:00,0.833333333333,0.0,6,d,5700 Stony Island
2016-10-10 21:55:20,2016-10-10 22:54:50,0.666666666667,0.0,6,d,5700 Stony Island
2016-10-11 11:27:40,2016-10-11 12:27:10,1285.5,0.0,6,d,5700 Stony Island
2016-10-12 10:41:10,2016-10-12 11:40:40,0.5,0.0,6,d,5700 Stony Island
2016-10-12 21:56:50,2016-10-12 22:56:20,0.666666666667,0.166666666667,6,d,5700 Stony Island
2016-10-13 19:24:30,2016-10-13 20:24:00,0.666666666667,0.0,6,d,5700 Stony Island
2016-10-13 20:30:50,2016-10-13 21:30:10,0.666666666667,0.0,6,d,5700 Stony Island
2016-10-14 15:00:50,2016-10-14 16:00:20,1.33333333333,0.0,6,d,5700 Stony Island
2016-10-15 17:48:40,2016-10-15 18:48:10,0.5,0.0,6,d,5700 Stony Island
2016-10-15 20:29:40,2016-10-15 21:29:10,0.5,0.0,6,d,5700 Stony Island
2016-10-16 11:35:20,2016-10-16 12:34:40,1.5,0.0,6,d,5700 Stony Island
2016-10-16 13:53:40,2016-10-16 14:53:10,0.5,0.166666666667,6,d,5700 Stony Island
2016-10-16 23:40:00,2016-10-17 00:39:30,0.666666666667,0.0,6,d,5700 Stony Island
2016-10-17 11:21:20,2016-10-17 12:20:50,4.0,0.0,6,d,5700 Stony Island
2016-10-17 21:26:10,2016-10-17 22:25:45,0.916666666667,0.0,6,d,5700 Stony Island
2016-10-17 23:00:00,2016-10-17 23:59:30,0.5,0.0,6,d,5700 Stony Island
2016-10-18 19:13:10,2016-10-18 20:12:40,0.583333333333,0.0,6,d,5700 Stony Island
2016-10-19 17:12:10,2016-10-19 18:11:40,0.5,0.0,6,d,5700 Stony Island
2016-10-19 18:56:10,2016-10-19 19:55:45,0.416666666667,0.0,6,d,5700 Stony Island
2016-10-20 19:24:00,2016-10-20 20:23:25,0.583333333333,0.0,6,d,5700 Stony Island
2016-10-21 10:44:30,2016-10-21 11:44:00,0.5,0.0,6,d,5700 Stony Island
2016-10-21 13:29:10,2016-10-21 14:28:40,0.5,0.0,6,d,5700 Stony Island
2016-10-21 14:37:00,2016-10-21 15:36:30,0.666666666667,0.0,6,d,5700 Stony Island
2016-10-21 19:04:40,2016-10-21 20:04:10,0.666666666667,0.0,6,d,5700 Stony Island
2016-10-22 04:10:20,2016-10-22 05:09:50,6.5,0.0,6,d,5700 Stony Island
2016-10-23 13:05:45,2016-10-23 14:05:10,0.75,0.0,6,d,5700 Stony Island
2016-10-23 22:24:00,2016-10-23 23:23:30,2.0,0.25,6,d,5700 Stony Island
2016-10-25 00:08:00,2016-10-25 01:07:30,0.666666666667,0.0,6,d,5700 Stony Island
2016-10-25 16:16:50,2016-10-25 17:16:15,0.75,0.0,6,d,5700 Stony Island
2016-10-25 21:54:20,2016-10-25 22:53:50,0.666666666667,0.0,6,d,5700 Stony Island
2016-10-27 06:58:20,2016-10-27 07:57:50,0.5,0.0,6,d,5700 Stony Island
2016-10-27 20:51:20,2016-10-27 21:50:40,0.833333333333,0.0,6,d,5700 Stony Island
2016-10-28 14:41:10,2016-10-28 15:40:41,1.81666666667,0.0,6,d,5700 Stony Island
2016-10-28 16:19:10,2016-10-28 17:18:40,0.5,0.0,6,d,5700 Stony Island
2016-10-29 13:50:10,2016-10-29 14:49:40,0.666666666667,0.0,6,d,5700 Stony Island
2016-10-29 15:17:00,2016-10-29 16:16:20,36.3333333333,0.0,6,d,5700 Stony Island
2016-10-29 16:53:20,2016-10-29 17:52:50,0.666666666667,0.0,6,d,5700 Stony Island
2016-10-29 19:31:10,2016-10-29 20:30:40,0.5,0.166666666667,6,d,5700 Stony Island
2016-10-29 22:57:40,2016-10-29 23:57:10,0.5,0.0,6,d,5700 Stony Island
2016-10-30 15:40:30,2016-10-30 16:40:00,1.0,0.0,6,d,5700 Stony Island
2016-10-30 17:33:25,2016-10-30 18:32:50,0.666666666667,0.0,6,d,5700 Stony Island
2016-10-31 17:34:00,2016-10-31 18:33:30,0.833333333333,0.0,6,d,5700 Stony Island
2016-11-02 14:25:55,2016-11-02 15:25:20,0.5,0.0,6,d,5700 Stony Island
2016-11-02 15:54:10,2016-11-02 16:53:35,0.583333333333,0.0,6,d,5700 Stony Island
2016-11-02 17:12:10,2016-11-02 18:11:40,0.5,0.0,6,d,5700 Stony Island
2016-11-03 04:53:40,2016-11-03 05:53:10,0.5,0.0,6,d,5700 Stony Island
2016-11-04 21:36:20,2016-11-04 22:35:40,1.83333333333,0.0,6,d,5700 Stony Island
2016-11-05 12:27:30,2016-11-05 13:27:00,0.5,0.0,6,d,5700 Stony Island
2016-11-06 15:04:40,2016-11-06 16:04:10,0.5,0.0,6,d,5700 Stony Island
2016-11-06 16:09:10,2016-11-06 17:08:30,0.666666666667,0.0,6,d,5700 Stony Island
2016-11-06 20:49:30,2016-11-06 21:49:00,0.5,0.0,6,d,5700 Stony Island
2016-11-06 22:00:10,2016-11-06 22:59:40,0.683333333333,0.0,6,d,5700 Stony Island
2016-11-07 19:18:01,2016-11-07 20:17:30,0.5,0.0,6,d,5700 Stony Island
2016-11-07 20:26:10,2016-11-07 21:25:40,0.666666666667,0.0,6,d,5700 Stony Island
2016-11-07 21:34:10,2016-11-07 22:33:30,0.666666666667,0.0,6,d,5700 Stony Island
2016-11-07 22:37:50,2016-11-07 23:37:20,0.5,0.0,6,d,5700 Stony Island
2016-11-09 16:28:50,2016-11-09 17:28:20,0.5,0.0,6,d,5700 Stony Island
2016-11-09 20:16:30,2016-11-09 21:16:00,253.333333333,0.0,6,d,5700 Stony Island
2016-11-10 23:29:20,2016-11-11 00:28:45,2.25,0.566666666667,6,d,5700 Stony Island
2016-11-11 09:03:00,2016-11-11 10:02:20,3.5,0.0,6,d,5700 Stony Island
2016-11-11 14:45:30,2016-11-11 15:44:00,0.666666666667,0.0,6,d,5700 Stony Island
2016-11-13 01:11:30,2016-11-13 02:11:00,0.666666666667,0.0,6,d,5700 Stony Island
2016-11-13 02:36:50,2016-11-13 03:36:10,0.666666666667,0.0,6,d,5700 Stony Island
2016-11-13 20:09:30,2016-11-13 21:09:00,0.666666666667,0.0,6,d,5700 Stony Island
2016-11-13 22:17:20,2016-11-13 23:16:40,0.666666666667,0.0,6,d,5700 Stony Island
2016-11-14 19:51:30,2016-11-14 20:51:05,0.583333333333,0.166666666667,6,d,5700 Stony Island
2016-11-15 15:12:00,2016-11-15 16:11:30,0.5,0.0,6,d,5700 Stony Island
2016-11-17 14:56:00,2016-11-17 15:55:20,0.833333333333,0.0,6,d,5700 Stony Island
2016-11-17 16:05:10,2016-11-17 17:04:40,0.5,0.0,6,d,5700 Stony Island
2016-11-17 18:00:50,2016-11-17 19:00:20,0.666666666667,0.0,6,d,5700 Stony Island
2016-11-18 09:50:50,2016-11-18 10:50:20,0.666666666667,0.0,6,d,5700 Stony Island
2016-11-20 16:10:50,2016-11-20 17:10:00,0.666666666667,0.166666666667,6,d,5700 Stony Island
2016-11-20 18:00:00,2016-11-20 18:59:20,254.0,0.0,6,d,5700 Stony Island
2016-11-21 00:37:11,2016-11-21 01:34:30,0.666666666667,0.166666666667,6,d,5700 Stony Island
2016-11-21 04:40:50,2016-11-21 05:40:10,0.666666666667,0.0,6,d,5700 Stony Island
2016-11-21 19:36:40,2016-11-21 20:36:00,0.666666666667,0.0,6,d,5700 Stony Island
2016-11-21 21:00:40,2016-11-21 22:00:10,0.75,0.0,6,d,5700 Stony Island
2016-11-23 19:46:40,2016-11-23 20:46:10,0.666666666667,0.0,6,d,5700 Stony Island
2016-11-27 13:00:15,2016-11-27 13:59:40,0.583333333333,0.0,6,d,5700 Stony Island
2016-11-28 20:17:30,2016-11-28 21:17:00,0.5,0.0,6,d,5700 Stony Island
2016-11-30 17:02:00,2016-11-30 18:01:30,0.683333333333,0.0,6,d,5700 Stony Island
2016-12-01 16:33:10,2016-12-01 17:32:30,0.5,0.0,6,d,5700 Stony Island
2016-12-03 14:26:40,2016-12-03 15:26:10,0.5,0.0,6,d,5700 Stony Island
2016-12-03 15:40:30,2016-12-03 16:40:00,0.5,0.0,6,d,5700 Stony Island
2016-12-03 20:40:10,2016-12-03 21:39:40,0.666666666667,0.0,6,d,5700 Stony Island
2016-12-04 13:35:10,2016-12-04 14:34:40,0.666666666667,0.0,6,d,5700 Stony Island
2016-12-06 00:32:47,2016-12-06 01:29:40,0.666666666667,0.0,6,d,5700 Stony Island
2016-12-06 12:46:30,2016-12-06 13:45:50,0.666666666667,0.0,6,d,5700 Stony Island
2016-12-08 21:38:20,2016-12-08 22:37:40,0.666666666667,0.0,6,d,5700 Stony Island
2016-12-09 02:21:30,2016-12-09 03:21:00,0.666666666667,0.0,6,d,5700 Stony Island
2016-12-09 03:25:00,2016-12-09 04:24:30,0.5,0.0,6,d,5700 Stony Island
2016-12-09 13:05:55,2016-12-09 14:05:20,0.583333333333,0.0,6,d,5700 Stony Island
2016-12-09 15:29:30,2016-12-09 16:29:00,1.5,0.0,6,d,5700 Stony Island
2016-12-09 17:29:40,2016-12-09 18:29:10,0.666666666667,0.0,6,d,5700 Stony Island
2016-12-09 19:53:40,2016-12-09 20:53:00,0.666666666667,0.0,6,d,5700 Stony Island
2016-12-09 22:34:50,2016-12-09 23:34:20,21.5,0.0,6,d,5700 Stony Island
2016-12-10 05:57:10,2016-12-10 06:56:40,0.5,0.0,6,d,5700 Stony Island
