2016-09-24 16:16:00,2016-09-24 17:15:30,0.5,46.25,1,d,Snell Hall
2016-09-26 19:54:15,2016-09-26 20:41:45,0.5,0.0,1,d,Snell Hall
2016-09-28 07:55:00,2016-09-28 08:54:30,0.5,5.25,1,d,Snell Hall
2016-09-28 16:26:00,2016-09-28 17:25:10,0.833333333333,0.0,1,d,Snell Hall
2016-09-28 18:47:30,2016-09-28 18:59:00,0.5,0.0,1,d,Snell Hall
2016-09-28 19:00:30,2016-09-28 19:12:00,0.5,0.0,1,d,Snell Hall
2016-09-28 19:13:30,2016-09-28 19:25:00,0.5,0.0,1,d,Snell Hall
2016-09-28 21:32:40,2016-09-28 22:32:05,0.583333333333,23.8333333333,1,d,Snell Hall
2016-09-30 02:14:10,2016-09-30 03:13:30,0.5,3.08333333333,1,d,Snell Hall
2016-10-01 16:26:40,2016-10-01 17:26:10,0.5,3.5,1,d,Snell Hall
2016-10-01 17:55:00,2016-10-01 18:54:30,0.5,374.166666667,1,d,Snell Hall
2016-10-02 08:04:30,2016-10-02 09:04:00,0.5,0.666666666667,1,d,Snell Hall
2016-10-02 11:53:05,2016-10-02 12:52:31,0.566666666667,2.93333333333,1,d,Snell Hall
2016-10-03 07:22:40,2016-10-03 08:22:10,0.5,1.33333333333,1,d,Snell Hall
2016-10-03 18:55:10,2016-10-03 19:54:30,0.5,16.0,1,d,Snell Hall
2016-10-03 22:04:10,2016-10-03 22:51:40,0.833333333333,0.0,1,d,Snell Hall
2016-10-05 16:58:40,2016-10-05 17:46:10,0.833333333333,13.5,1,d,Snell Hall
2016-10-05 21:31:30,2016-10-05 22:31:00,0.5,7.0,1,d,Snell Hall
2016-10-07 13:16:10,2016-10-07 14:15:40,0.5,0.333333333333,1,d,Snell Hall
2016-10-08 13:45:40,2016-10-08 14:45:00,0.5,0.0,1,d,Snell Hall
2016-10-08 17:59:36,2016-10-08 19:08:10,0.5,14.3333333333,1,d,Snell Hall
2016-10-09 00:21:43,2016-10-09 01:21:00,0.5,812.5,1,d,Snell Hall
2016-10-09 14:54:10,2016-10-09 15:53:30,0.5,11.5,1,d,Snell Hall
2016-10-09 16:08:30,2016-10-09 17:07:40,0.833333333333,3.66666666667,1,d,Snell Hall
2016-10-09 17:34:00,2016-10-09 18:33:30,0.5,4.0,1,d,Snell Hall
2016-10-09 18:56:30,2016-10-09 19:56:00,0.5,28.0,1,d,Snell Hall
2016-10-09 22:08:40,2016-10-09 22:56:10,0.5,1.0,1,d,Snell Hall
2016-10-10 07:21:40,2016-10-10 08:21:10,0.5,7.33333333333,1,d,Snell Hall
2016-10-11 18:16:00,2016-10-11 19:15:30,0.5,0.0,1,d,Snell Hall
2016-10-11 20:07:30,2016-10-11 20:55:00,0.5,0.0,1,d,Snell Hall
2016-10-12 19:38:40,2016-10-12 20:38:10,0.5,4.83333333333,1,d,Snell Hall
2016-10-15 15:08:15,2016-10-15 16:07:40,0.5,48.3333333333,1,d,Snell Hall
2016-10-15 18:21:00,2016-10-15 19:32:30,0.5,27.5,1,d,Snell Hall
2016-10-16 10:27:30,2016-10-16 11:27:00,0.5,0.166666666667,1,d,Snell Hall
2016-10-16 14:32:30,2016-10-16 15:32:00,0.5,37.0,1,d,Snell Hall
2016-10-16 16:27:00,2016-10-16 17:14:30,0.5,26.5,1,d,Snell Hall
2016-10-17 07:45:30,2016-10-17 08:45:00,0.5,13.1666666667,1,d,Snell Hall
2016-10-17 19:33:40,2016-10-17 20:33:00,0.666666666667,0.0,1,d,Snell Hall
2016-10-17 20:44:40,2016-10-17 21:44:10,0.5,0.0,1,d,Snell Hall
2016-10-17 22:05:40,2016-10-17 22:53:15,0.416666666667,8.5,1,d,Snell Hall
2016-10-18 01:32:10,2016-10-18 02:31:40,0.5,82.8333333333,1,d,Snell Hall
2016-10-18 20:13:30,2016-10-18 21:01:00,0.5,0.666666666667,1,d,Snell Hall
2016-10-18 23:36:00,2016-10-19 00:35:30,0.5,3.5,1,d,Snell Hall
2016-10-21 23:25:40,2016-10-22 00:25:01,0.483333333333,0.0,1,d,Snell Hall
2016-10-22 19:39:40,2016-10-22 20:39:10,0.5,4.83333333333,1,d,Snell Hall
2016-10-22 21:27:00,2016-10-22 22:26:30,0.5,39.5,1,d,Snell Hall
2016-10-23 19:42:00,2016-10-23 20:41:10,0.5,45.0,1,d,Snell Hall
2016-10-24 20:23:40,2016-10-24 21:23:10,0.5,0.0,1,d,Snell Hall
2016-10-24 21:54:40,2016-10-24 22:54:00,0.5,313.666666667,1,d,Snell Hall
2016-10-25 07:43:10,2016-10-25 08:42:40,0.5,15.8333333333,1,d,Snell Hall
2016-10-25 22:21:40,2016-10-25 23:21:11,0.483333333333,32.5,1,d,Snell Hall
2016-10-26 22:50:00,2016-10-26 23:37:30,0.5,453.5,1,d,Snell Hall
2016-10-28 01:06:40,2016-10-28 02:06:05,0.583333333333,26.8333333333,1,d,Snell Hall
2016-10-28 06:27:30,2016-10-28 07:39:00,0.5,234.516666667,1,d,Snell Hall
2016-10-28 16:47:10,2016-10-28 17:46:40,0.5,237.833333333,1,d,Snell Hall
2016-10-29 11:57:30,2016-10-29 12:57:00,0.5,32.5,1,d,Snell Hall
2016-10-29 20:37:30,2016-10-29 21:37:00,0.5,2.66666666667,1,d,Snell Hall
2016-10-30 20:49:30,2016-10-30 21:49:00,0.5,4.08333333333,1,d,Snell Hall
2016-10-31 07:24:10,2016-10-31 08:23:40,0.833333333333,13.5,1,d,Snell Hall
2016-10-31 14:32:00,2016-10-31 15:31:30,0.5,418.166666667,1,d,Snell Hall
2016-11-01 16:09:00,2016-11-01 17:20:30,0.5,100.0,1,d,Snell Hall
2016-11-01 21:27:40,2016-11-01 22:15:10,1.83333333333,100.0,1,d,Snell Hall
2016-11-02 00:37:10,2016-11-02 01:36:30,0.5,5.5,1,d,Snell Hall
2016-11-02 16:07:40,2016-11-02 17:07:10,0.333333333333,338.166666667,1,d,Snell Hall
2016-11-03 01:56:00,2016-11-03 02:55:30,0.5,6.0,1,d,Snell Hall
2016-11-03 15:39:30,2016-11-03 16:39:00,0.5,0.0,1,d,Snell Hall
2016-11-04 20:57:00,2016-11-04 21:56:10,0.5,27.8333333333,1,d,Snell Hall
2016-11-05 20:25:30,2016-11-05 21:25:00,0.5,0.5,1,d,Snell Hall
2016-11-06 09:01:00,2016-11-06 10:00:30,0.5,0.0,1,d,Snell Hall
2016-11-06 21:57:00,2016-11-06 22:56:30,0.5,95.6166666667,1,d,Snell Hall
2016-11-07 00:35:13,2016-11-07 01:34:30,0.666666666667,41.3333333333,1,d,Snell Hall
2016-11-07 02:20:00,2016-11-07 03:19:30,0.5,354.5,1,d,Snell Hall
2016-11-07 16:11:30,2016-11-07 16:59:00,0.5,11.0,1,d,Snell Hall
2016-11-09 19:47:30,2016-11-09 20:47:00,0.5,147.5,1,d,Snell Hall
2016-11-10 23:32:30,2016-11-11 00:32:09,1.05,0.8,1,d,Snell Hall
2016-11-11 12:57:10,2016-11-11 13:56:40,0.5,26.8333333333,1,d,Snell Hall
2016-11-11 20:41:05,2016-11-11 21:52:30,0.5,137.8,1,d,Snell Hall
2016-11-12 19:30:40,2016-11-12 20:30:10,0.5,0.333333333333,1,d,Snell Hall
2016-11-13 08:13:40,2016-11-13 09:13:10,0.5,0.0,1,d,Snell Hall
2016-11-13 16:36:30,2016-11-13 17:48:00,0.5,7.66666666667,1,d,Snell Hall
2016-11-13 18:06:40,2016-11-13 19:18:00,0.666666666667,0.0,1,d,Snell Hall
2016-11-13 20:40:30,2016-11-13 21:40:00,0.5,0.0,1,d,Snell Hall
2016-11-14 19:29:10,2016-11-14 20:28:40,0.5,5.5,1,d,Snell Hall
2016-11-14 21:58:35,2016-11-14 22:46:01,0.65,0.0,1,d,Snell Hall
2016-11-15 07:46:40,2016-11-15 08:46:05,0.583333333333,11.0,1,d,Snell Hall
2016-11-15 17:31:30,2016-11-15 18:31:00,0.5,73.1666666667,1,d,Snell Hall
2016-11-15 21:47:10,2016-11-15 22:34:40,0.5,6.5,1,d,Snell Hall
2016-11-16 15:21:05,2016-11-16 16:32:30,0.5,37.0,1,d,Snell Hall
2016-11-16 21:50:10,2016-11-16 23:01:30,0.666666666667,0.0,1,d,Snell Hall
2016-11-17 14:43:10,2016-11-17 15:30:40,0.5,0.0,1,d,Snell Hall
2016-11-19 17:45:00,2016-11-19 18:44:30,0.5,12.5,1,d,Snell Hall
2016-11-19 22:01:30,2016-11-19 22:49:00,0.5,54.5,1,d,Snell Hall
2016-11-20 00:07:13,2016-11-20 01:06:31,0.5,518.983333333,1,d,Snell Hall
2016-11-20 14:00:10,2016-11-20 14:59:30,0.683333333333,8.83333333333,1,d,Snell Hall
2016-11-20 15:51:40,2016-11-20 16:51:10,0.516666666667,0.983333333333,1,d,Snell Hall
2016-11-20 17:45:30,2016-11-20 18:33:00,0.5,2.0,1,d,Snell Hall
2016-11-21 01:58:00,2016-11-21 02:57:30,0.666666666667,28.8833333333,1,d,Snell Hall
2016-11-21 03:28:30,2016-11-21 04:16:00,0.5,0.5,1,d,Snell Hall
2016-11-21 15:06:00,2016-11-21 16:05:30,0.5,6.18333333333,1,d,Snell Hall
2016-11-21 18:23:30,2016-11-21 19:23:00,0.5,0.0,1,d,Snell Hall
2016-11-22 17:43:10,2016-11-22 18:54:40,0.5,131.333333333,1,d,Snell Hall
2016-11-23 08:15:15,2016-11-23 09:14:40,0.5,17.0,1,d,Snell Hall
2016-11-23 12:20:30,2016-11-23 13:20:00,0.666666666667,80.8333333333,1,d,Snell Hall
2016-11-23 16:52:30,2016-11-23 17:51:40,0.5,44.8333333333,1,d,Snell Hall
2016-11-24 00:44:30,2016-11-24 01:55:40,0.833333333333,673.083333333,1,d,Snell Hall
2016-11-24 21:47:30,2016-11-24 22:47:00,0.5,97.55,1,d,Snell Hall
2016-11-25 19:00:00,2016-11-25 19:59:30,0.5,3.5,1,d,Snell Hall
2016-11-27 15:35:30,2016-11-27 16:35:00,0.25,0.25,1,d,Snell Hall
2016-11-27 21:25:00,2016-11-27 22:24:30,0.5,10.5,1,d,Snell Hall
2016-11-29 07:25:15,2016-11-29 08:24:40,0.5,0.5,1,d,Snell Hall
2016-11-29 19:31:40,2016-11-29 20:31:00,0.666666666667,1.83333333333,1,d,Snell Hall
2016-11-30 20:11:00,2016-11-30 21:22:30,0.5,103.516666667,1,d,Snell Hall
2016-12-01 13:02:30,2016-12-01 14:02:00,0.5,305.0,1,d,Snell Hall
2016-12-02 19:17:30,2016-12-02 20:17:00,0.5,0.166666666667,1,d,Snell Hall
2016-12-02 20:31:10,2016-12-02 21:30:40,0.833333333333,0.5,1,d,Snell Hall
2016-12-03 09:14:30,2016-12-03 10:14:00,0.666666666667,6.83333333333,1,d,Snell Hall
2016-12-03 12:19:00,2016-12-03 13:18:30,0.5,0.0,1,d,Snell Hall
2016-12-04 09:52:00,2016-12-04 10:51:30,0.5,15.5,1,d,Snell Hall
2016-12-05 08:06:30,2016-12-05 09:05:40,0.833333333333,10.1666666667,1,d,Snell Hall
2016-12-06 01:35:10,2016-12-06 02:34:30,0.5,9.66666666667,1,d,Snell Hall
2016-12-06 15:51:40,2016-12-06 17:03:00,0.666666666667,10.0,1,d,Snell Hall
2016-12-06 20:10:30,2016-12-06 21:09:40,0.833333333333,4.0,1,d,Snell Hall
2016-12-07 20:38:10,2016-12-07 21:37:40,0.5,12.3333333333,1,d,Snell Hall
2016-12-08 17:15:30,2016-12-08 18:15:00,0.5,2.0,1,d,Snell Hall
2016-12-08 22:53:30,2016-12-08 23:53:00,0.5,31.6666666667,1,d,Snell Hall
2016-12-09 17:55:40,2016-12-09 18:55:10,0.833333333333,0.0,1,d,Snell Hall
2016-12-09 20:57:30,2016-12-09 21:57:00,0.5,6.0,1,d,Snell Hall
2016-12-09 22:43:10,2016-12-09 23:42:40,0.5,0.333333333333,1,d,Snell Hall
2016-12-10 00:29:40,2016-12-10 01:28:40,0.833333333333,16.1666666667,1,d,Snell Hall
2016-12-10 01:49:35,2016-12-10 02:36:40,0.833333333333,25.5,1,d,Snell Hall
2016-12-10 04:49:00,2016-12-10 05:36:30,0.5,0.0,1,d,Snell Hall
2016-09-24 11:15:00,2016-09-24 12:14:30,0.5,10.5,2,d,Snell Hall
2016-09-25 01:44:15,2016-09-25 02:43:45,0.5,4.75,2,d,Snell Hall
2016-09-25 14:39:00,2016-09-25 15:38:30,0.5,6.5,2,d,Snell Hall
2016-09-26 16:49:00,2016-09-26 17:48:30,0.5,3.75,2,d,Snell Hall
2016-09-26 19:01:45,2016-09-26 20:01:15,0.5,202.5,2,d,Snell Hall
2016-09-30 12:17:15,2016-09-30 13:16:40,0.5,201.5,2,d,Snell Hall
2016-10-01 03:00:40,2016-10-01 04:00:10,0.5,425.333333333,2,d,Snell Hall
2016-10-01 11:36:40,2016-10-01 12:36:10,0.5,0.333333333333,2,d,Snell Hall
2016-10-01 16:43:30,2016-10-01 17:42:40,0.583333333333,0.0,2,d,Snell Hall
2016-10-01 18:41:30,2016-10-01 19:41:00,0.5,21.6833333333,2,d,Snell Hall
2016-10-03 00:57:40,2016-10-03 01:57:00,0.5,3.5,2,d,Snell Hall
2016-10-03 20:43:40,2016-10-03 21:43:10,0.5,216.333333333,2,d,Snell Hall
2016-10-05 17:15:30,2016-10-05 18:15:00,0.5,50.25,2,d,Snell Hall
2016-10-07 12:30:00,2016-10-07 13:29:30,0.5,0.0,2,d,Snell Hall
2016-10-07 16:58:10,2016-10-07 17:57:40,0.5,3.83333333333,2,d,Snell Hall
2016-10-08 12:36:10,2016-10-08 13:47:40,0.5,5.83333333333,2,d,Snell Hall
2016-10-08 17:59:36,2016-10-08 19:08:30,0.5,14.6666666667,2,d,Snell Hall
2016-10-09 02:52:30,2016-10-09 03:52:00,0.5,4.5,2,d,Snell Hall
2016-10-09 10:50:35,2016-10-09 11:50:00,0.5,4.5,2,d,Snell Hall
2016-10-09 12:24:30,2016-10-09 13:12:00,0.516666666667,23.25,2,d,Snell Hall
2016-10-09 14:55:35,2016-10-09 15:55:00,0.5,0.0,2,d,Snell Hall
2016-10-09 16:00:35,2016-10-09 17:00:00,0.5,35.0833333333,2,d,Snell Hall
2016-10-09 17:37:30,2016-10-09 18:37:00,0.5,1.0,2,d,Snell Hall
2016-10-09 18:56:40,2016-10-09 19:56:10,0.5,29.3333333333,2,d,Snell Hall
2016-10-10 21:06:00,2016-10-10 22:05:30,0.666666666667,2.83333333333,2,d,Snell Hall
2016-10-11 00:20:45,2016-10-11 01:20:00,0.5,9.5,2,d,Snell Hall
2016-10-12 19:39:00,2016-10-12 20:38:30,0.5,6.16666666667,2,d,Snell Hall
2016-10-13 23:52:30,2016-10-14 00:52:00,0.5,85.0,2,d,Snell Hall
2016-10-14 19:49:30,2016-10-14 20:49:00,0.5,0.166666666667,2,d,Snell Hall
2016-10-15 12:08:00,2016-10-15 13:07:30,0.5,61.0,2,d,Snell Hall
2016-10-15 15:53:10,2016-10-15 16:52:40,0.5,5.41666666667,2,d,Snell Hall
2016-10-15 17:01:30,2016-10-15 18:01:00,0.5,121.166666667,2,d,Snell Hall
2016-10-16 01:10:10,2016-10-16 02:09:40,0.5,5.83333333333,2,d,Snell Hall
2016-10-16 09:11:30,2016-10-16 10:10:45,0.75,12.1666666667,2,d,Snell Hall
2016-10-16 12:26:30,2016-10-16 13:26:05,0.416666666667,71.0,2,d,Snell Hall
2016-10-16 20:18:30,2016-10-16 21:18:00,0.5,21.5,2,d,Snell Hall
2016-10-17 13:22:10,2016-10-17 14:21:40,0.5,205.333333333,2,d,Snell Hall
2016-10-17 19:02:30,2016-10-17 19:49:40,0.833333333333,0.0,2,d,Snell Hall
2016-10-17 23:13:00,2016-10-18 00:12:14,0.8,5.63333333333,2,d,Snell Hall
2016-10-18 02:41:00,2016-10-18 03:40:30,0.583333333333,5.08333333333,2,d,Snell Hall
2016-10-18 20:24:00,2016-10-18 21:35:30,0.583333333333,2.91666666667,2,d,Snell Hall
2016-10-18 23:42:30,2016-10-19 00:42:00,0.5,56.5,2,d,Snell Hall
2016-10-19 22:35:00,2016-10-19 23:34:30,0.5,39.0166666667,2,d,Snell Hall
2016-10-23 12:06:40,2016-10-23 13:06:10,0.5,0.333333333333,2,d,Snell Hall
2016-10-23 17:11:40,2016-10-23 17:59:10,0.5,0.833333333333,2,d,Snell Hall
2016-10-23 21:26:30,2016-10-23 22:26:00,0.5,0.0,2,d,Snell Hall
2016-10-23 22:36:00,2016-10-23 23:35:30,0.5,63.1666666667,2,d,Snell Hall
2016-10-26 01:02:00,2016-10-26 02:01:30,0.5,8.66666666667,2,d,Snell Hall
2016-10-26 13:18:00,2016-10-26 14:17:30,0.5,3.5,2,d,Snell Hall
2016-10-26 23:19:30,2016-10-27 00:19:00,0.5,14.6666666667,2,d,Snell Hall
2016-10-27 05:53:30,2016-10-27 06:53:00,0.5,18.0,2,d,Snell Hall
2016-10-27 12:47:10,2016-10-27 13:34:40,0.5,0.0,2,d,Snell Hall
2016-10-27 22:22:00,2016-10-27 23:09:30,5.16666666667,2.0,2,d,Snell Hall
2016-10-28 06:29:30,2016-10-28 07:29:00,1.0,0.0,2,d,Snell Hall
2016-10-28 15:42:00,2016-10-28 16:41:30,0.5,22.5,2,d,Snell Hall
2016-10-28 19:16:10,2016-10-28 20:03:40,0.5,32.3333333333,2,d,Snell Hall
2016-10-28 20:42:10,2016-10-28 20:53:40,0.5,0.0,2,d,Snell Hall
2016-10-29 11:45:30,2016-10-29 12:45:00,0.5,321.5,2,d,Snell Hall
2016-10-29 21:55:30,2016-10-29 22:55:00,0.5,3.16666666667,2,d,Snell Hall
2016-10-30 09:52:00,2016-10-30 10:51:30,0.5,35.5,2,d,Snell Hall
2016-10-30 20:38:40,2016-10-30 21:50:00,0.5,0.183333333333,2,d,Snell Hall
2016-10-30 22:29:10,2016-10-30 23:28:30,0.666666666667,5.33333333333,2,d,Snell Hall
2016-10-31 21:12:40,2016-10-31 22:00:00,0.666666666667,11.3333333333,2,d,Snell Hall
2016-11-01 18:48:10,2016-11-01 19:47:30,0.666666666667,0.0,2,d,Snell Hall
2016-11-01 22:26:00,2016-11-01 23:25:30,0.5,8.66666666667,2,d,Snell Hall
2016-11-01 23:43:35,2016-11-02 00:43:00,0.583333333333,5.91666666667,2,d,Snell Hall
2016-11-03 00:35:30,2016-11-03 01:22:30,0.5,10.0,2,d,Snell Hall
2016-11-03 15:30:40,2016-11-03 15:42:10,0.5,2.5,2,d,Snell Hall
2016-11-03 20:02:00,2016-11-03 21:01:30,0.5,0.0,2,d,Snell Hall
2016-11-04 20:23:00,2016-11-04 21:22:30,0.5,0.0,2,d,Snell Hall
2016-11-05 08:38:00,2016-11-05 09:37:30,1.0,51.5,2,d,Snell Hall
2016-11-05 12:07:00,2016-11-05 13:06:30,0.5,2.5,2,d,Snell Hall
2016-11-05 20:25:30,2016-11-05 21:25:00,0.5,1.5,2,d,Snell Hall
2016-11-06 06:08:35,2016-11-06 07:08:00,0.5,14.5,2,d,Snell Hall
2016-11-06 14:03:00,2016-11-06 14:50:30,0.5,4.5,2,d,Snell Hall
2016-11-07 00:25:19,2016-11-07 01:33:40,0.5,646.833333333,2,d,Snell Hall
2016-11-07 16:15:30,2016-11-07 17:15:00,0.516666666667,0.0,2,d,Snell Hall
2016-11-08 00:21:30,2016-11-08 01:08:30,0.666666666667,3.83333333333,2,d,Snell Hall
2016-11-09 14:28:30,2016-11-09 15:28:00,0.516666666667,426.15,2,d,Snell Hall
2016-11-10 01:40:30,2016-11-10 02:40:00,0.5,2.0,2,d,Snell Hall
2016-11-10 11:28:10,2016-11-10 12:27:45,0.75,19.5,2,d,Snell Hall
2016-11-11 22:06:40,2016-11-11 23:06:10,0.5,0.0,2,d,Snell Hall
2016-11-13 15:36:30,2016-11-13 16:36:00,0.5,41.5,2,d,Snell Hall
2016-11-13 17:22:00,2016-11-13 18:21:30,0.5,60.6666666667,2,d,Snell Hall
2016-11-13 20:33:30,2016-11-13 21:33:00,0.5,94.0,2,d,Snell Hall
2016-11-14 14:15:40,2016-11-14 15:15:10,0.833333333333,12.0,2,d,Snell Hall
2016-11-14 16:22:41,2016-11-14 17:22:10,0.583333333333,72.25,2,d,Snell Hall
2016-11-14 19:29:30,2016-11-14 20:29:00,0.666666666667,2.0,2,d,Snell Hall
2016-11-15 17:09:40,2016-11-15 18:09:10,0.5,234.333333333,2,d,Snell Hall
2016-11-15 22:05:40,2016-11-15 22:53:10,0.416666666667,0.0,2,d,Snell Hall
2016-11-16 00:36:31,2016-11-16 01:22:30,0.5,4.0,2,d,Snell Hall
2016-11-16 16:19:30,2016-11-16 17:31:05,0.416666666667,3.0,2,d,Snell Hall
2016-11-17 18:11:00,2016-11-17 18:58:30,0.5,5.0,2,d,Snell Hall
2016-11-18 16:21:01,2016-11-18 17:08:30,0.5,12.5,2,d,Snell Hall
2016-11-19 16:53:00,2016-11-19 17:52:30,0.5,0.0,2,d,Snell Hall
2016-11-19 22:00:10,2016-11-19 22:47:40,0.5,55.5,2,d,Snell Hall
2016-11-20 00:09:00,2016-11-20 01:06:31,0.65,551.833333333,2,d,Snell Hall
2016-11-20 13:05:00,2016-11-20 14:16:30,0.666666666667,0.333333333333,2,d,Snell Hall
2016-11-20 15:52:00,2016-11-20 16:51:30,0.5,1.16666666667,2,d,Snell Hall
2016-11-20 17:45:30,2016-11-20 18:33:00,0.666666666667,4.33333333333,2,d,Snell Hall
2016-11-21 01:58:30,2016-11-21 02:58:00,0.5,29.0,2,d,Snell Hall
2016-11-21 03:28:30,2016-11-21 04:16:00,0.666666666667,1.83333333333,2,d,Snell Hall
2016-11-21 15:07:40,2016-11-21 16:07:00,0.683333333333,3.31666666667,2,d,Snell Hall
2016-11-21 18:24:00,2016-11-21 19:23:30,0.5,0.0,2,d,Snell Hall
2016-11-21 21:30:10,2016-11-21 22:29:30,0.666666666667,58.0,2,d,Snell Hall
2016-11-22 01:30:30,2016-11-22 02:18:00,0.5,18.0,2,d,Snell Hall
2016-11-23 09:08:30,2016-11-23 10:08:00,0.516666666667,5.48333333333,2,d,Snell Hall
2016-11-23 16:57:45,2016-11-23 17:57:30,0.5,0.0,2,d,Snell Hall
2016-11-24 21:47:40,2016-11-24 22:47:00,0.5,95.6333333333,2,d,Snell Hall
2016-11-27 22:39:10,2016-11-27 23:38:40,0.5,3405.83333333,2,d,Snell Hall
2016-11-30 08:25:10,2016-11-30 08:32:10,0,0.333333333333,2,d,Snell Hall
2016-12-01 13:33:10,2016-12-01 14:32:40,0.5,43.0,2,d,Snell Hall
2016-12-02 15:12:30,2016-12-02 16:24:00,0.583333333333,18.4166666667,2,d,Snell Hall
2016-12-02 17:34:40,2016-12-02 18:22:10,0.5,42.3333333333,2,d,Snell Hall
2016-12-03 09:13:00,2016-12-03 10:12:10,0.5,7.83333333333,2,d,Snell Hall
2016-12-03 11:54:10,2016-12-03 12:53:40,0.5,0.333333333333,2,d,Snell Hall
2016-12-03 13:00:00,2016-12-03 13:47:30,0.5,0.166666666667,2,d,Snell Hall
2016-12-03 19:46:10,2016-12-03 20:45:40,0.5,4.5,2,d,Snell Hall
2016-12-03 20:54:10,2016-12-03 21:05:40,0.5,7.33333333333,2,d,Snell Hall
2016-12-04 13:28:00,2016-12-04 14:15:30,0.666666666667,10.3333333333,2,d,Snell Hall
2016-12-05 13:53:30,2016-12-05 14:53:00,0.5,7.0,2,d,Snell Hall
2016-12-06 09:13:40,2016-12-06 10:13:10,0.333333333333,0.0,2,d,Snell Hall
2016-12-07 20:38:30,2016-12-07 21:38:00,0.5,11.1666666667,2,d,Snell Hall
2016-12-08 14:57:00,2016-12-08 15:44:30,0.5,0.0,2,d,Snell Hall
2016-12-08 17:56:30,2016-12-08 18:56:00,0.5,32.1666666667,2,d,Snell Hall
2016-12-09 04:26:30,2016-12-09 05:14:00,0.5,0.0,2,d,Snell Hall
2016-12-09 06:00:30,2016-12-09 07:00:00,0.5,705.5,2,d,Snell Hall
2016-12-09 18:47:30,2016-12-09 19:47:00,0.5,361.0,2,d,Snell Hall
2016-12-10 01:50:00,2016-12-10 02:37:30,0.5,8.5,2,d,Snell Hall
2016-12-10 02:47:30,2016-12-10 03:47:05,0.416666666667,63.6666666667,2,d,Snell Hall
2016-09-24 14:02:45,2016-09-24 15:02:15,0.5,2.25,3,d,Snell Hall
2016-09-25 13:42:30,2016-09-25 14:30:02,0.516666666667,42.7,3,d,Snell Hall
2016-09-25 15:59:00,2016-09-25 16:58:30,0.5,7.25,3,d,Snell Hall
2016-09-26 16:21:00,2016-09-26 17:08:30,0.5,12.0,3,d,Snell Hall
2016-09-26 20:31:30,2016-09-26 21:31:00,0.25,5.5,3,d,Snell Hall
2016-09-28 16:20:10,2016-09-28 17:19:40,0.5,0.333333333333,3,d,Snell Hall
2016-09-28 21:09:30,2016-09-28 22:09:00,0.5,3.5,3,d,Snell Hall
2016-09-28 22:16:00,2016-09-28 23:03:10,0.833333333333,0.0,3,d,Snell Hall
2016-09-30 02:14:10,2016-09-30 03:13:30,0.5,1.0,3,d,Snell Hall
2016-09-30 11:19:40,2016-09-30 12:07:10,0.333333333333,5.5,3,d,Snell Hall
2016-10-01 16:02:00,2016-10-01 17:01:31,0.483333333333,0.0,3,d,Snell Hall
2016-10-01 17:55:00,2016-10-01 18:54:30,0.5,65.5833333333,3,d,Snell Hall
2016-10-01 20:03:00,2016-10-01 21:02:30,0.5,23.5,3,d,Snell Hall
2016-10-01 21:43:40,2016-10-01 22:43:10,0.333333333333,20.6666666667,3,d,Snell Hall
2016-10-02 02:19:30,2016-10-02 03:07:00,0.5,4.0,3,d,Snell Hall
2016-10-02 10:14:30,2016-10-02 11:02:01,0.5,13.9833333333,3,d,Snell Hall
2016-10-02 11:53:05,2016-10-02 13:04:30,0.5,0.5,3,d,Snell Hall
2016-10-02 14:41:40,2016-10-02 15:35:00,0.583333333333,38.4333333333,3,d,Snell Hall
2016-10-02 16:16:00,2016-10-02 17:03:15,0.75,202.0,3,d,Snell Hall
2016-10-03 17:23:40,2016-10-03 18:35:00,0.5,4.0,3,d,Snell Hall
2016-10-03 21:03:30,2016-10-03 22:03:00,0.5,0.0,3,d,Snell Hall
2016-10-04 16:54:30,2016-10-04 17:54:00,0.5,14.5,3,d,Snell Hall
2016-10-04 18:38:30,2016-10-04 18:50:00,0.5,17.5,3,d,Snell Hall
2016-10-04 19:17:40,2016-10-04 20:29:10,0.333333333333,9.5,3,d,Snell Hall
2016-10-04 21:47:30,2016-10-04 22:35:00,0.5,20.0,3,d,Snell Hall
2016-10-04 23:02:40,2016-10-04 23:50:00,0.5,0.5,3,d,Snell Hall
2016-10-06 20:09:30,2016-10-06 20:57:00,0.5,0.0,3,d,Snell Hall
2016-10-07 13:19:10,2016-10-07 14:18:30,0.5,0.166666666667,3,d,Snell Hall
2016-10-07 20:31:40,2016-10-07 21:31:10,0.5,34.3333333333,3,d,Snell Hall
2016-10-07 22:06:30,2016-10-07 22:18:05,0.416666666667,3.66666666667,3,d,Snell Hall
2016-10-08 12:05:30,2016-10-08 13:04:40,0.5,5.5,3,d,Snell Hall
2016-10-08 14:30:00,2016-10-08 14:41:30,0.5,0.0,3,d,Snell Hall
2016-10-08 14:43:00,2016-10-08 14:54:30,0.5,0.0,3,d,Snell Hall
2016-10-08 14:58:30,2016-10-08 15:10:00,0.583333333333,2.08333333333,3,d,Snell Hall
2016-10-08 15:35:35,2016-10-08 16:35:00,0.5,18.0,3,d,Snell Hall
2016-10-09 00:21:43,2016-10-09 01:21:00,0.5,832.666666667,3,d,Snell Hall
2016-10-09 17:24:10,2016-10-09 17:35:35,0.416666666667,170.166666667,3,d,Snell Hall
2016-10-10 20:46:10,2016-10-10 21:45:30,0.5,7.5,3,d,Snell Hall
2016-10-12 14:01:30,2016-10-12 15:01:00,0.5,194.166666667,3,d,Snell Hall
2016-10-13 09:45:00,2016-10-13 10:44:30,0.5,54.5,3,d,Snell Hall
2016-10-13 22:15:30,2016-10-13 23:14:40,0.5,34.5,3,d,Snell Hall
2016-10-13 23:50:30,2016-10-14 00:50:00,0.5,363.166666667,3,d,Snell Hall
2016-10-14 20:10:40,2016-10-14 21:10:10,0.5,1.83333333333,3,d,Snell Hall
2016-10-15 11:17:00,2016-10-15 12:04:30,0.5,0.0,3,d,Snell Hall
2016-10-15 15:08:15,2016-10-15 16:07:40,0.5,48.0,3,d,Snell Hall
2016-10-15 18:21:00,2016-10-15 19:32:30,0.5,26.5,3,d,Snell Hall
2016-10-15 21:22:30,2016-10-15 22:22:00,0.5,1.08333333333,3,d,Snell Hall
2016-10-16 07:54:30,2016-10-16 08:54:00,0.5,1.16666666667,3,d,Snell Hall
2016-10-16 10:27:30,2016-10-16 11:27:00,0.5,3.18333333333,3,d,Snell Hall
2016-10-16 13:22:40,2016-10-16 14:34:10,0.5,51.8333333333,3,d,Snell Hall
2016-10-16 15:28:00,2016-10-16 16:15:30,0.25,55.75,3,d,Snell Hall
2016-10-17 13:10:30,2016-10-17 14:10:00,0.5,221.666666667,3,d,Snell Hall
2016-10-17 22:12:30,2016-10-17 23:24:00,0.5,0.0,3,d,Snell Hall
2016-10-17 23:27:30,2016-10-18 00:28:17,0,0.733333333333,3,d,Snell Hall
2016-10-18 01:32:30,2016-10-18 02:32:00,0.5,81.5,3,d,Snell Hall
2016-10-18 09:07:30,2016-10-18 10:07:00,0.5,33.6666666667,3,d,Snell Hall
2016-10-18 16:08:30,2016-10-18 17:08:00,0.5,3.0,3,d,Snell Hall
2016-10-18 19:03:40,2016-10-18 20:03:15,0.416666666667,6.0,3,d,Snell Hall
2016-10-18 23:31:30,2016-10-19 00:32:04,0,44.4333333333,3,d,Snell Hall
2016-10-19 18:51:00,2016-10-19 19:50:30,0.5,2.0,3,d,Snell Hall
2016-10-22 11:31:00,2016-10-22 12:18:10,0.5,0.0,3,d,Snell Hall
2016-10-22 14:01:40,2016-10-22 14:49:10,0.333333333333,7.5,3,d,Snell Hall
2016-10-22 16:46:30,2016-10-22 17:46:00,0.5,12.5,3,d,Snell Hall
2016-10-22 19:40:00,2016-10-22 20:39:30,0.166666666667,2.01666666667,3,d,Snell Hall
2016-10-22 21:27:00,2016-10-22 22:26:30,0.5,38.6666666667,3,d,Snell Hall
2016-10-22 23:06:30,2016-10-22 23:18:00,0.5,0.0,3,d,Snell Hall
2016-10-23 13:21:10,2016-10-23 14:20:40,0.416666666667,21.4333333333,3,d,Snell Hall
2016-10-23 16:53:10,2016-10-23 17:40:45,0.416666666667,50.3333333333,3,d,Snell Hall
2016-10-23 18:37:30,2016-10-23 18:49:00,0.5,884.166666667,3,d,Snell Hall
2016-10-24 09:36:30,2016-10-24 09:47:40,0.5,18.8333333333,3,d,Snell Hall
2016-10-24 19:06:40,2016-10-24 20:06:10,0.5,0.333333333333,3,d,Snell Hall
2016-10-24 21:54:40,2016-10-24 22:54:10,0.5,313.333333333,3,d,Snell Hall
2016-10-25 06:32:40,2016-10-25 07:32:10,0.5,2.33333333333,3,d,Snell Hall
2016-10-25 15:32:10,2016-10-25 16:31:30,0.5,5.5,3,d,Snell Hall
2016-10-26 23:49:10,2016-10-27 00:48:45,0.25,42.25,3,d,Snell Hall
2016-10-27 05:53:40,2016-10-27 06:53:10,0.333333333333,17.0,3,d,Snell Hall
2016-10-27 11:40:00,2016-10-27 12:27:30,0.5,0.0,3,d,Snell Hall
2016-10-28 01:06:30,2016-10-28 02:06:05,0.416666666667,23.5,3,d,Snell Hall
2016-10-28 03:42:00,2016-10-28 04:41:30,0.5,1980.5,3,d,Snell Hall
2016-10-29 20:37:30,2016-10-29 21:37:00,0.5,6.5,3,d,Snell Hall
2016-10-30 09:00:30,2016-10-30 10:00:00,0.5,1.0,3,d,Snell Hall
2016-10-30 10:03:30,2016-10-30 10:50:40,0.5,0.333333333333,3,d,Snell Hall
2016-10-30 12:34:00,2016-10-30 13:33:30,0.5,0.0,3,d,Snell Hall
2016-10-30 13:34:40,2016-10-30 14:34:10,0.5,49.8333333333,3,d,Snell Hall
2016-10-30 15:53:30,2016-10-30 16:53:00,172.5,0.0,3,d,Snell Hall
2016-10-30 22:04:00,2016-10-30 22:15:30,0.583333333333,1018.91666667,3,d,Snell Hall
2016-10-31 15:15:30,2016-10-31 15:27:00,0.5,1032.5,3,d,Snell Hall
2016-11-01 16:09:00,2016-11-01 17:20:30,0.5,99.5,3,d,Snell Hall
2016-11-01 21:27:30,2016-11-01 22:15:00,2.0,87.6666666667,3,d,Snell Hall
2016-11-01 23:47:30,2016-11-02 00:47:00,0.5,9.5,3,d,Snell Hall
2016-11-02 16:07:40,2016-11-02 17:07:10,0.5,338.333333333,3,d,Snell Hall
2016-11-03 01:56:00,2016-11-03 02:55:30,0.5,5.01666666667,3,d,Snell Hall
2016-11-04 20:57:30,2016-11-04 22:09:00,0.5,0.0,3,d,Snell Hall
2016-11-04 22:10:10,2016-11-04 23:09:40,0.5,0.0,3,d,Snell Hall
2016-11-05 11:14:00,2016-11-05 12:13:30,0.5,0.0,3,d,Snell Hall
2016-11-05 20:25:40,2016-11-05 21:25:00,0.5,1.0,3,d,Snell Hall
2016-11-06 10:59:10,2016-11-06 11:58:40,0.5,1.5,3,d,Snell Hall
2016-11-06 12:25:30,2016-11-06 13:13:00,0.5,0.0,3,d,Snell Hall
2016-11-07 00:22:31,2016-11-07 01:33:40,0.333333333333,646.5,3,d,Snell Hall
2016-11-07 23:38:10,2016-11-08 00:37:40,0.5,3.33333333333,3,d,Snell Hall
2016-11-09 19:47:30,2016-11-09 20:47:00,0.5,931.0,3,d,Snell Hall
2016-11-10 12:20:10,2016-11-10 13:19:30,0.5,102.666666667,3,d,Snell Hall
2016-11-11 14:09:40,2016-11-11 15:21:10,0.5,265.833333333,3,d,Snell Hall
2016-11-12 00:03:09,2016-11-12 01:01:30,0.5,15.1666666667,3,d,Snell Hall
2016-11-12 10:23:40,2016-11-12 11:23:00,0.5,0.166666666667,3,d,Snell Hall
2016-11-12 19:31:00,2016-11-12 20:30:10,0.5,2.91666666667,3,d,Snell Hall
2016-11-13 10:37:00,2016-11-13 11:36:30,0.5,0.0,3,d,Snell Hall
2016-11-13 13:39:30,2016-11-13 14:39:00,0.5,36.5833333333,3,d,Snell Hall
2016-11-13 15:52:40,2016-11-13 16:52:11,0.483333333333,1.83333333333,3,d,Snell Hall
2016-11-13 17:03:00,2016-11-13 18:02:31,0.483333333333,20.1666666667,3,d,Snell Hall
2016-11-13 19:14:00,2016-11-13 20:13:30,0.166666666667,983.333333333,3,d,Snell Hall
2016-11-14 14:56:30,2016-11-14 15:44:00,0.5,0.0,3,d,Snell Hall
2016-11-15 00:31:10,2016-11-15 01:28:35,0.433333333333,11.4833333333,3,d,Snell Hall
2016-11-15 07:46:40,2016-11-15 08:46:10,0.5,10.8333333333,3,d,Snell Hall
2016-11-15 14:59:00,2016-11-15 15:58:30,0.5,1309.58333333,3,d,Snell Hall
2016-11-18 07:34:00,2016-11-18 08:33:30,0.5,3.66666666667,3,d,Snell Hall
2016-11-19 16:18:30,2016-11-19 17:30:00,0.516666666667,579.5,3,d,Snell Hall
2016-11-20 08:31:30,2016-11-20 09:31:00,0.5,0.516666666667,3,d,Snell Hall
2016-11-20 16:40:00,2016-11-20 17:39:30,0.666666666667,11.0,3,d,Snell Hall
2016-11-21 01:58:10,2016-11-21 02:57:30,0.666666666667,27.8333333333,3,d,Snell Hall
2016-11-21 03:28:40,2016-11-21 04:16:10,0.5,0.833333333333,3,d,Snell Hall
2016-11-21 08:57:00,2016-11-21 09:56:30,0.5,3.68333333333,3,d,Snell Hall
2016-11-22 17:25:31,2016-11-22 18:25:00,0.5,4.5,3,d,Snell Hall
2016-11-23 15:06:30,2016-11-23 16:06:00,0.5,65.0,3,d,Snell Hall
2016-11-23 18:19:40,2016-11-23 19:19:11,0.483333333333,7.38333333333,3,d,Snell Hall
2016-11-25 19:05:00,2016-11-25 20:04:30,0.166666666667,0.333333333333,3,d,Snell Hall
2016-11-26 21:47:30,2016-11-26 22:47:00,0.5,5.0,3,d,Snell Hall
2016-11-27 19:57:40,2016-11-27 20:57:10,0.5,1.5,3,d,Snell Hall
2016-11-27 21:03:10,2016-11-27 21:14:31,0.483333333333,0.0,3,d,Snell Hall
2016-11-28 19:05:10,2016-11-28 20:04:40,0.333333333333,293.5,3,d,Snell Hall
2016-11-29 07:25:15,2016-11-29 08:24:40,0.5,0.0,3,d,Snell Hall
2016-11-29 11:33:30,2016-11-29 12:33:00,0.5,36.0,3,d,Snell Hall
2016-11-29 19:09:00,2016-11-29 20:20:30,0.5,22.1666666667,3,d,Snell Hall
2016-11-30 22:44:40,2016-11-30 23:44:10,0.5,5.33333333333,3,d,Snell Hall
2016-12-01 15:52:10,2016-12-01 16:51:40,0.333333333333,1.16666666667,3,d,Snell Hall
2016-12-02 20:37:30,2016-12-02 21:37:00,0.5,0.0,3,d,Snell Hall
2016-12-03 12:19:00,2016-12-03 13:18:30,0.5,0.0,3,d,Snell Hall
2016-12-03 19:53:30,2016-12-03 20:53:00,0.5,255.0,3,d,Snell Hall
2016-12-04 22:40:00,2016-12-04 23:39:30,0.166666666667,8.5,3,d,Snell Hall
2016-12-05 18:12:40,2016-12-05 19:00:10,0.333333333333,1.5,3,d,Snell Hall
2016-12-06 01:35:10,2016-12-06 02:34:30,0.5,6.0,3,d,Snell Hall
2016-12-06 11:36:30,2016-12-06 12:36:00,0.5,278.0,3,d,Snell Hall
2016-12-06 20:57:40,2016-12-06 22:09:10,0.5,128.0,3,d,Snell Hall
2016-12-07 00:18:41,2016-12-07 00:30:42,0,5.81666666667,3,d,Snell Hall
2016-12-07 00:38:16,2016-12-07 01:25:00,0.5,0.0,3,d,Snell Hall
2016-12-08 09:17:40,2016-12-08 10:17:10,0.5,11.8333333333,3,d,Snell Hall
2016-12-08 21:18:30,2016-12-08 22:30:00,0.5,0.0,3,d,Snell Hall
2016-12-09 03:30:30,2016-12-09 04:42:00,0.5,0.0,3,d,Snell Hall
2016-12-09 12:10:00,2016-12-09 13:09:30,0.5,23.6666666667,3,d,Snell Hall
2016-12-09 16:43:30,2016-12-09 17:43:00,0.5,62.1666666667,3,d,Snell Hall
2016-12-09 22:09:30,2016-12-09 22:56:40,0.5,6.33333333333,3,d,Snell Hall
2016-12-09 23:09:40,2016-12-10 00:09:30,0.516666666667,3.75,3,d,Snell Hall
2016-12-10 00:28:00,2016-12-10 01:26:00,0.5,0.0,3,d,Snell Hall
2016-12-10 01:48:10,2016-12-10 02:47:30,0.5,0.0,3,d,Snell Hall
2016-09-24 10:47:00,2016-09-24 11:46:30,0.5,2.0,4,d,Snell Hall
2016-09-25 08:47:00,2016-09-25 09:46:30,0.5,4.0,4,d,Snell Hall
2016-09-26 19:55:45,2016-09-26 20:43:15,0.5,26.25,4,d,Snell Hall
2016-09-27 10:19:00,2016-09-27 11:18:30,0.5,0.25,4,d,Snell Hall
2016-09-28 22:21:40,2016-09-28 23:09:00,0.583333333333,11.0833333333,4,d,Snell Hall
2016-09-29 12:03:10,2016-09-29 13:02:40,0.833333333333,0.0,4,d,Snell Hall
2016-09-30 11:19:10,2016-09-30 12:06:40,0.5,0.0,4,d,Snell Hall
2016-09-30 14:10:30,2016-09-30 15:10:00,0.5,0.0,4,d,Snell Hall
2016-10-01 10:35:30,2016-10-01 11:35:00,0.5,0.0,4,d,Snell Hall
2016-10-01 13:31:01,2016-10-01 14:30:30,0.5,3.0,4,d,Snell Hall
2016-10-01 15:57:30,2016-10-01 16:57:00,0.5,0.0,4,d,Snell Hall
2016-10-01 18:08:40,2016-10-01 18:56:10,0.5,0.0,4,d,Snell Hall
2016-10-01 19:07:10,2016-10-01 20:06:40,0.5,0.333333333333,4,d,Snell Hall
2016-10-01 20:56:30,2016-10-01 21:55:40,0.5,0.0,4,d,Snell Hall
2016-10-01 22:29:40,2016-10-01 23:17:10,0.5,32.3333333333,4,d,Snell Hall
2016-10-02 11:55:10,2016-10-02 12:54:40,0.516666666667,1.33333333333,4,d,Snell Hall
2016-10-02 13:26:11,2016-10-02 14:41:40,0,6.86666666667,4,d,Snell Hall
2016-10-02 17:05:40,2016-10-02 18:05:10,0.5,0.0,4,d,Snell Hall
2016-10-03 00:57:40,2016-10-03 01:57:00,0.5,7.0,4,d,Snell Hall
2016-10-03 21:49:00,2016-10-03 22:36:30,0.5,2.66666666667,4,d,Snell Hall
2016-10-04 19:36:30,2016-10-04 20:48:00,0.5,0.5,4,d,Snell Hall
2016-10-05 07:11:30,2016-10-05 08:11:00,0.5,40.6666666667,4,d,Snell Hall
2016-10-05 16:40:00,2016-10-05 17:39:10,0.5,36.3333333333,4,d,Snell Hall
2016-10-06 10:49:10,2016-10-06 11:36:40,0.5,0.0,4,d,Snell Hall
2016-10-06 13:59:10,2016-10-06 14:58:30,0.5,12.5,4,d,Snell Hall
2016-10-06 15:52:00,2016-10-06 16:51:30,0.5,146.0,4,d,Snell Hall
2016-10-06 20:08:40,2016-10-06 20:56:10,0.5,0.0,4,d,Snell Hall
2016-10-06 23:47:10,2016-10-07 00:46:40,0.5,0.0,4,d,Snell Hall
2016-10-07 12:30:00,2016-10-07 13:29:10,0.5,0.833333333333,4,d,Snell Hall
2016-10-08 11:33:00,2016-10-08 12:32:30,0.5,4.5,4,d,Snell Hall
2016-10-08 14:19:00,2016-10-08 15:06:30,0.5,33.6666666667,4,d,Snell Hall
2016-10-08 18:46:40,2016-10-08 19:32:10,0.333333333333,43.6666666667,4,d,Snell Hall
2016-10-09 02:52:30,2016-10-09 03:52:00,0.5,1.0,4,d,Snell Hall
2016-10-09 08:48:00,2016-10-09 09:47:10,0.5,0.0,4,d,Snell Hall
2016-10-09 13:36:40,2016-10-09 14:36:10,0.333333333333,38.0,4,d,Snell Hall
2016-10-09 15:17:30,2016-10-09 16:17:00,0.5,0.0,4,d,Snell Hall
2016-10-09 16:39:00,2016-10-09 17:38:30,0.5,0.0,4,d,Snell Hall
2016-10-09 17:41:40,2016-10-09 18:41:10,0.5,0.0,4,d,Snell Hall
2016-10-09 19:06:40,2016-10-09 20:18:05,0.416666666667,0.0,4,d,Snell Hall
2016-10-09 21:01:00,2016-10-09 22:00:30,0.5,15.0,4,d,Snell Hall
2016-10-10 00:18:05,2016-10-10 01:17:30,0.583333333333,22.4166666667,4,d,Snell Hall
2016-10-10 13:16:30,2016-10-10 14:16:00,0.166666666667,93.5,4,d,Snell Hall
2016-10-10 20:05:35,2016-10-10 21:05:00,0.166666666667,10.8333333333,4,d,Snell Hall
2016-10-10 21:37:00,2016-10-10 22:24:30,0.166666666667,20.8333333333,4,d,Snell Hall
2016-10-10 22:47:00,2016-10-10 23:34:30,0.5,2.0,4,d,Snell Hall
2016-10-12 09:35:40,2016-10-12 10:35:10,0.5,112.333333333,4,d,Snell Hall
2016-10-13 12:54:10,2016-10-13 13:41:30,0.5,0.166666666667,4,d,Snell Hall
2016-10-13 15:15:30,2016-10-13 16:15:00,0.5,1.0,4,d,Snell Hall
2016-10-13 22:15:00,2016-10-13 23:14:30,0.5,35.0,4,d,Snell Hall
2016-10-13 23:53:00,2016-10-14 00:52:30,0.166666666667,82.3333333333,4,d,Snell Hall
2016-10-14 14:43:00,2016-10-14 15:42:30,0.5,7.66666666667,4,d,Snell Hall
2016-10-15 11:17:00,2016-10-15 12:04:30,0.5,0.0,4,d,Snell Hall
2016-10-15 13:33:40,2016-10-15 14:33:10,0.5,66.0,4,d,Snell Hall
2016-10-16 12:57:00,2016-10-16 13:56:30,0.5,9.5,4,d,Snell Hall
2016-10-16 20:18:30,2016-10-16 21:18:00,0.5,0.0,4,d,Snell Hall
2016-10-17 13:49:10,2016-10-17 14:48:40,0.333333333333,154.0,4,d,Snell Hall
2016-10-17 18:25:30,2016-10-17 19:13:00,0.5,0.0,4,d,Snell Hall
2016-10-18 02:40:45,2016-10-18 03:40:30,0.166666666667,7.33333333333,4,d,Snell Hall
2016-10-18 09:41:30,2016-10-18 10:41:00,0.5,0.5,4,d,Snell Hall
2016-10-18 17:19:00,2016-10-18 18:18:35,0.416666666667,1.0,4,d,Snell Hall
2016-10-20 11:09:10,2016-10-20 11:56:40,0.5,3.83333333333,4,d,Snell Hall
2016-10-20 12:11:10,2016-10-20 13:10:40,0.333333333333,8.0,4,d,Snell Hall
2016-10-20 14:55:40,2016-10-20 15:55:10,0.333333333333,2.0,4,d,Snell Hall
2016-10-22 10:08:10,2016-10-22 11:07:30,0.5,12.5,4,d,Snell Hall
2016-10-22 14:01:30,2016-10-22 15:01:00,0.516666666667,0.0,4,d,Snell Hall
2016-10-23 10:34:10,2016-10-23 11:45:40,0.5,108.5,4,d,Snell Hall
2016-10-23 17:59:30,2016-10-23 18:47:00,0.166666666667,0.0,4,d,Snell Hall
2016-10-23 19:06:00,2016-10-23 20:05:30,0.25,27.25,4,d,Snell Hall
2016-10-23 21:26:40,2016-10-23 22:26:00,0.5,0.0,4,d,Snell Hall
2016-10-24 01:56:10,2016-10-24 02:55:40,0.5,16.3333333333,4,d,Snell Hall
2016-10-25 09:32:00,2016-10-25 10:31:30,0.5,9.25,4,d,Snell Hall
2016-10-25 15:34:00,2016-10-25 16:33:00,0.5,3.0,4,d,Snell Hall
2016-10-25 22:38:30,2016-10-25 23:38:00,0.5,8.5,4,d,Snell Hall
2016-10-26 23:19:30,2016-10-27 00:19:00,0.5,0.0,4,d,Snell Hall
2016-10-27 05:53:30,2016-10-27 06:53:00,0.5,19.0,4,d,Snell Hall
2016-10-27 11:40:10,2016-10-27 12:39:40,0.333333333333,0.166666666667,4,d,Snell Hall
2016-10-27 15:59:30,2016-10-27 16:58:40,0.5,2508.0,4,d,Snell Hall
2016-10-29 10:49:00,2016-10-29 11:48:30,0.5,0.5,4,d,Snell Hall
2016-10-29 17:28:40,2016-10-29 18:16:10,0.5,0.0,4,d,Snell Hall
2016-10-29 21:55:30,2016-10-29 22:55:00,0.5,1.5,4,d,Snell Hall
2016-10-30 00:45:40,2016-10-30 01:45:10,0.5,2.5,4,d,Snell Hall
2016-10-30 10:53:00,2016-10-30 11:40:30,0.5,6.0,4,d,Snell Hall
2016-10-30 21:28:10,2016-10-30 22:27:40,0.333333333333,3.66666666667,4,d,Snell Hall
2016-10-30 23:09:30,2016-10-31 00:09:06,0.0833333333333,49.9833333333,4,d,Snell Hall
2016-10-31 14:38:30,2016-10-31 15:38:00,0.5,10.0,4,d,Snell Hall
2016-10-31 19:13:30,2016-10-31 20:25:00,0.5,17.5,4,d,Snell Hall
2016-10-31 21:15:30,2016-10-31 22:03:00,0.583333333333,0.0,4,d,Snell Hall
2016-11-01 10:33:40,2016-11-01 10:45:10,0.5,3.0,4,d,Snell Hall
2016-11-01 11:19:10,2016-11-01 12:18:40,0.5,0.0,4,d,Snell Hall
2016-11-01 18:48:10,2016-11-01 19:47:30,0.5,0.5,4,d,Snell Hall
2016-11-01 22:26:00,2016-11-01 23:25:30,0.5,8.0,4,d,Snell Hall
2016-11-01 23:47:40,2016-11-02 00:47:10,0.5,1.83333333333,4,d,Snell Hall
2016-11-02 01:15:30,2016-11-02 02:15:00,0.5,10.5833333333,4,d,Snell Hall
2016-11-02 12:23:00,2016-11-02 13:22:30,0.5,225.583333333,4,d,Snell Hall
2016-11-02 19:10:40,2016-11-02 19:58:10,0.5,103.333333333,4,d,Snell Hall
2016-11-03 11:55:00,2016-11-03 12:42:10,0.5,0.333333333333,4,d,Snell Hall
2016-11-03 14:28:30,2016-11-03 15:16:05,0.416666666667,15.5,4,d,Snell Hall
2016-11-03 15:46:00,2016-11-03 16:45:30,0.166666666667,0.833333333333,4,d,Snell Hall
2016-11-03 18:58:10,2016-11-03 20:09:40,0.333333333333,54.1666666667,4,d,Snell Hall
2016-11-04 20:50:40,2016-11-04 21:50:10,0.333333333333,36.0,4,d,Snell Hall
2016-11-04 23:36:15,2016-11-05 00:35:40,0.5,8.5,4,d,Snell Hall
2016-11-05 11:14:30,2016-11-05 12:14:00,0.166666666667,0.0,4,d,Snell Hall
2016-11-05 16:48:30,2016-11-05 17:48:00,0.166666666667,1.33333333333,4,d,Snell Hall
2016-11-06 06:09:00,2016-11-06 07:08:30,0.166666666667,17.5,4,d,Snell Hall
2016-11-06 14:03:00,2016-11-06 14:50:30,0.5,6.0,4,d,Snell Hall
2016-11-06 16:03:40,2016-11-06 17:15:10,0.333333333333,16.6666666667,4,d,Snell Hall
2016-11-06 22:29:30,2016-11-06 23:29:00,0.166666666667,0.333333333333,4,d,Snell Hall
2016-11-06 23:42:00,2016-11-07 00:41:10,0.5,28.3333333333,4,d,Snell Hall
2016-11-07 02:02:00,2016-11-07 03:01:30,0.166666666667,7.83333333333,4,d,Snell Hall
2016-11-07 06:30:10,2016-11-07 07:29:30,0.5,4.66666666667,4,d,Snell Hall
2016-11-07 16:21:01,2016-11-07 17:20:30,0.5,0.0,4,d,Snell Hall
2016-11-07 17:44:30,2016-11-07 18:44:00,0.5,40.1666666667,4,d,Snell Hall
2016-11-07 20:46:05,2016-11-07 21:45:30,0.5,7.66666666667,4,d,Snell Hall
2016-11-09 15:10:30,2016-11-09 16:10:00,0.5,236.5,4,d,Snell Hall
2016-11-09 21:09:30,2016-11-09 21:57:00,0.5,36.0,4,d,Snell Hall
2016-11-10 01:40:30,2016-11-10 02:40:00,0.5,2.0,4,d,Snell Hall
2016-11-10 06:02:00,2016-11-10 07:01:31,0.483333333333,6.16666666667,4,d,Snell Hall
2016-11-10 10:53:00,2016-11-10 11:40:30,0.5,1.66666666667,4,d,Snell Hall
2016-11-11 16:33:40,2016-11-11 17:33:10,0.5,19.8333333333,4,d,Snell Hall
2016-11-12 19:33:00,2016-11-12 20:32:10,0.5,131.0,4,d,Snell Hall
2016-11-13 10:37:10,2016-11-13 11:36:40,0.5,0.0,4,d,Snell Hall
2016-11-13 12:20:00,2016-11-13 13:19:30,0.5,6.5,4,d,Snell Hall
2016-11-13 17:00:30,2016-11-13 17:59:40,0.5,3.83333333333,4,d,Snell Hall
2016-11-13 18:07:10,2016-11-13 19:06:30,0.5,0.0,4,d,Snell Hall
2016-11-13 20:07:40,2016-11-13 21:07:10,0.5,75.3333333333,4,d,Snell Hall
2016-11-14 14:01:30,2016-11-14 15:01:00,0.5,28.1666666667,4,d,Snell Hall
2016-11-15 10:45:30,2016-11-15 11:45:00,0.5,1.5,4,d,Snell Hall
2016-11-15 14:13:00,2016-11-15 15:12:30,0.5,21.0,4,d,Snell Hall
2016-11-15 21:46:40,2016-11-15 22:34:00,0.5,1.0,4,d,Snell Hall
2016-11-15 23:47:00,2016-11-16 00:46:10,0.5,0.0,4,d,Snell Hall
2016-11-16 15:22:00,2016-11-16 16:21:30,0.5,1.66666666667,4,d,Snell Hall
2016-11-17 12:44:10,2016-11-17 13:31:40,0.333333333333,0.166666666667,4,d,Snell Hall
2016-11-18 16:21:01,2016-11-18 17:08:30,0.5,12.6666666667,4,d,Snell Hall
2016-11-18 17:42:30,2016-11-18 18:41:40,376.5,0.0,4,d,Snell Hall
2016-11-19 12:46:00,2016-11-19 13:45:30,0.5,111.666666667,4,d,Snell Hall
2016-11-19 17:44:40,2016-11-19 18:44:10,0.833333333333,13.0,4,d,Snell Hall
2016-11-19 19:40:00,2016-11-19 20:39:11,0.483333333333,266.5,4,d,Snell Hall
2016-11-20 01:13:10,2016-11-20 02:12:30,0.666666666667,14.5,4,d,Snell Hall
2016-11-20 12:27:00,2016-11-20 13:26:10,0.5,0.333333333333,4,d,Snell Hall
2016-11-20 15:28:30,2016-11-20 16:28:00,0.5,275.0,4,d,Snell Hall
2016-11-21 16:22:30,2016-11-21 17:22:00,0.5,361.666666667,4,d,Snell Hall
2016-11-22 11:24:40,2016-11-22 12:12:10,0.5,0.0,4,d,Snell Hall
2016-11-22 14:42:00,2016-11-22 15:41:33,0.45,133.5,4,d,Snell Hall
2016-11-23 09:08:30,2016-11-23 10:08:00,0.516666666667,4.65,4,d,Snell Hall
2016-11-23 17:02:30,2016-11-23 18:02:00,0.5,42.1666666667,4,d,Snell Hall
2016-11-24 21:04:10,2016-11-24 22:03:40,0.5,905.5,4,d,Snell Hall
2016-11-25 19:05:00,2016-11-25 20:04:30,0.5,0.25,4,d,Snell Hall
2016-11-26 15:19:00,2016-11-26 16:18:30,0.166666666667,35.8333333333,4,d,Snell Hall
2016-11-26 17:25:30,2016-11-26 18:25:00,0.5,41.0,4,d,Snell Hall
2016-11-27 18:55:30,2016-11-27 19:43:00,0.5,1.5,4,d,Snell Hall
2016-11-27 19:58:00,2016-11-27 20:57:30,0.5,0.0,4,d,Snell Hall
2016-11-27 21:23:40,2016-11-27 22:35:15,0.416666666667,9.33333333333,4,d,Snell Hall
2016-11-29 05:30:10,2016-11-29 06:29:40,0.5,20.3333333333,4,d,Snell Hall
2016-11-30 12:19:10,2016-11-30 13:18:30,0.5,90.1666666667,4,d,Snell Hall
2016-11-30 22:46:33,2016-11-30 23:46:00,0.5,4.66666666667,4,d,Snell Hall
2016-11-30 23:58:30,2016-12-01 00:46:00,0.5,15.6666666667,4,d,Snell Hall
2016-12-01 10:13:00,2016-12-01 11:12:30,0.5,14.5,4,d,Snell Hall
2016-12-01 16:22:00,2016-12-01 17:09:10,0.5,0.333333333333,4,d,Snell Hall
2016-12-02 15:12:30,2016-12-02 16:12:05,0.0833333333333,44.3333333333,4,d,Snell Hall
2016-12-03 13:01:10,2016-12-03 14:00:40,0.5,0.0,4,d,Snell Hall
2016-12-04 16:05:00,2016-12-04 17:04:30,0.5,1.5,4,d,Snell Hall
2016-12-04 21:02:40,2016-12-04 22:02:05,0.583333333333,7.33333333333,4,d,Snell Hall
2016-12-05 02:02:00,2016-12-05 03:01:30,0.5,59.6666666667,4,d,Snell Hall
2016-12-05 10:41:30,2016-12-05 11:53:00,0.5,168.166666667,4,d,Snell Hall
2016-12-05 15:27:30,2016-12-05 16:27:00,0.5,129.0,4,d,Snell Hall
2016-12-05 19:47:30,2016-12-05 20:47:00,0.5,25.0,4,d,Snell Hall
2016-12-06 11:02:10,2016-12-06 12:01:30,0.5,4.0,4,d,Snell Hall
2016-12-06 12:19:30,2016-12-06 13:18:40,0.5,109.833333333,4,d,Snell Hall
2016-12-06 18:08:30,2016-12-06 18:20:00,0.5,12.5,4,d,Snell Hall
2016-12-07 00:41:12,2016-12-07 01:25:30,0.5,0.0,4,d,Snell Hall
2016-12-07 19:55:00,2016-12-07 20:54:30,0.166666666667,2.33333333333,4,d,Snell Hall
2016-12-08 10:32:00,2016-12-08 11:19:30,0.5,1.16666666667,4,d,Snell Hall
2016-12-08 14:26:00,2016-12-08 15:25:30,0.5,0.0,4,d,Snell Hall
2016-12-08 15:46:30,2016-12-08 16:46:00,0.5,1.66666666667,4,d,Snell Hall
2016-12-08 17:03:00,2016-12-08 18:02:10,0.5,0.333333333333,4,d,Snell Hall
2016-12-08 18:17:10,2016-12-08 19:16:40,0.5,5.83333333333,4,d,Snell Hall
2016-12-09 18:44:10,2016-12-09 19:43:40,0.5,299.983333333,4,d,Snell Hall
2016-12-10 00:50:00,2016-12-10 01:49:35,0.416666666667,281.5,4,d,Snell Hall
2016-09-24 15:37:30,2016-09-24 16:10:00,2.25,0.0,5,w,Snell Hall
2016-09-24 16:15:15,2016-09-24 16:47:45,1.0,74.75,5,w,Snell Hall
2016-09-25 01:04:15,2016-09-25 01:36:30,4.25,1.5,5,w,Snell Hall
2016-09-25 08:07:00,2016-09-25 08:41:15,0,4.75,5,w,Snell Hall
2016-09-25 12:56:00,2016-09-25 13:30:30,9.5,1.0,5,w,Snell Hall
2016-09-25 13:54:00,2016-09-25 14:28:17,1.0,6.48333333333,5,w,Snell Hall
2016-09-25 15:13:30,2016-09-25 15:48:00,10.0,0.0,5,w,Snell Hall
2016-09-26 15:35:00,2016-09-26 16:08:30,0.75,10.75,5,w,Snell Hall
2016-09-26 18:01:00,2016-09-26 18:34:30,1.0,16.0,5,w,Snell Hall
2016-09-26 19:03:00,2016-09-26 19:36:15,10.5,5.25,5,w,Snell Hall
2016-09-27 09:27:30,2016-09-27 10:01:00,12.75,0.25,5,w,Snell Hall
2016-09-28 06:35:45,2016-09-28 07:09:15,0,44.5,5,w,Snell Hall
2016-09-28 15:19:30,2016-09-28 15:52:40,1.0,0.333333333333,5,w,Snell Hall
2016-09-28 20:10:00,2016-09-28 20:43:10,0.833333333333,7.0,5,w,Snell Hall
2016-09-28 20:52:30,2016-09-28 21:26:00,2.0,2.5,5,w,Snell Hall
2016-09-29 11:23:30,2016-09-29 11:56:40,0.5,0.333333333333,5,w,Snell Hall
2016-09-30 10:40:00,2016-09-30 11:13:30,0.166666666667,5.5,5,w,Snell Hall
2016-09-30 13:30:10,2016-09-30 14:03:30,2.0,2.66666666667,5,w,Snell Hall
2016-10-01 09:53:30,2016-10-01 10:27:00,0.5,6.0,5,w,Snell Hall
2016-10-01 10:57:10,2016-10-01 11:30:30,4.5,0.0,5,w,Snell Hall
2016-10-01 12:51:11,2016-10-01 13:24:40,0.833333333333,3.5,5,w,Snell Hall
2016-10-01 15:08:30,2016-10-01 15:42:00,10.5,9.5,5,w,Snell Hall
2016-10-01 16:04:10,2016-10-01 16:37:30,11.0,62.5,5,w,Snell Hall
2016-10-01 17:55:40,2016-10-01 18:29:00,10.0,1.0,5,w,Snell Hall
2016-10-01 18:44:00,2016-10-01 19:17:30,1.0,41.0,5,w,Snell Hall
2016-10-01 20:28:30,2016-10-01 20:57:00,0,91.5,5,w,Snell Hall
2016-10-02 01:40:40,2016-10-02 02:14:10,1.83333333333,2.08333333333,5,w,Snell Hall
2016-10-02 11:16:30,2016-10-02 11:49:31,0,1.66666666667,5,w,Snell Hall
2016-10-02 11:55:01,2016-10-02 12:28:30,1.0,54.5166666667,5,w,Snell Hall
2016-10-02 13:49:10,2016-10-02 14:41:40,0.0,0.0,5,w,Snell Hall
2016-10-02 16:15:30,2016-10-02 16:49:00,11.0,2.68333333333,5,w,Snell Hall
2016-10-03 00:14:30,2016-10-03 00:47:30,1.0,2.5,5,w,Snell Hall
2016-10-03 06:18:00,2016-10-03 06:50:30,0,30.6666666667,5,w,Snell Hall
2016-10-03 15:32:00,2016-10-03 16:05:30,9.5,66.0,5,w,Snell Hall
2016-10-03 19:44:40,2016-10-03 20:17:40,0,21.8333333333,5,w,Snell Hall
2016-10-03 20:45:35,2016-10-03 21:19:00,2.0,26.5,5,w,Snell Hall
2016-10-04 17:53:00,2016-10-04 18:26:30,9.66666666667,57.8333333333,5,w,Snell Hall
2016-10-05 06:31:40,2016-10-05 07:05:10,1.83333333333,0.5,5,w,Snell Hall
2016-10-05 15:59:40,2016-10-05 16:33:10,1.33333333333,1.0,5,w,Snell Hall
2016-10-05 16:39:00,2016-10-05 17:11:30,0,2.16666666667,5,w,Snell Hall
2016-10-06 10:10:35,2016-10-06 10:44:00,2.0,0.0,5,w,Snell Hall
2016-10-07 11:40:40,2016-10-07 12:15:10,0.333333333333,12.0,5,w,Snell Hall
2016-10-07 12:38:30,2016-10-07 13:12:40,1.0,0.333333333333,5,w,Snell Hall
2016-10-07 14:41:40,2016-10-07 15:16:00,0,7.5,5,w,Snell Hall
2016-10-07 16:18:30,2016-10-07 16:52:30,0,1.66666666667,5,w,Snell Hall
2016-10-07 19:42:10,2016-10-07 20:16:40,1.0,12.0,5,w,Snell Hall
2016-10-08 09:03:40,2016-10-08 09:36:30,0,7.0,5,w,Snell Hall
2016-10-08 10:51:10,2016-10-08 11:25:40,0.333333333333,4.0,5,w,Snell Hall
2016-10-08 11:52:00,2016-10-08 12:26:30,0.5,5.5,5,w,Snell Hall
2016-10-08 14:48:30,2016-10-08 15:22:40,0,10.5,5,w,Snell Hall
2016-10-08 18:05:17,2016-10-08 18:46:40,0.0,0.0,5,w,Snell Hall
2016-10-09 14:10:10,2016-10-09 14:44:40,1.0,3.33333333333,5,w,Snell Hall
2016-10-09 15:07:00,2016-10-09 15:41:30,1.0,57.5,5,w,Snell Hall
2016-10-10 06:38:05,2016-10-10 07:11:30,0,8.5,5,w,Snell Hall
2016-10-10 12:28:05,2016-10-10 13:02:30,11.5,0.0,5,w,Snell Hall
2016-10-10 19:24:10,2016-10-10 19:52:00,0,73.0,5,w,Snell Hall
2016-10-10 23:25:00,2016-10-10 23:58:40,0,18.6,5,w,Snell Hall
2016-10-12 08:40:10,2016-10-12 09:14:40,0,18.3333333333,5,w,Snell Hall
2016-10-12 18:52:00,2016-10-12 19:11:00,0,23.6666666667,5,w,Snell Hall
2016-10-13 08:21:00,2016-10-13 08:55:30,16.0,31.6666666667,5,w,Snell Hall
2016-10-13 12:12:10,2016-10-13 12:46:40,4.33333333333,0.5,5,w,Snell Hall
2016-10-13 20:59:00,2016-10-13 21:28:10,0,45.3333333333,5,w,Snell Hall
2016-10-13 23:06:00,2016-10-13 23:40:30,0.666666666667,5.33333333333,5,w,Snell Hall
2016-10-14 19:09:30,2016-10-14 19:44:00,2.0,0.5,5,w,Snell Hall
2016-10-15 11:27:00,2016-10-15 12:01:30,0.5,3.0,5,w,Snell Hall
2016-10-15 13:52:30,2016-10-15 14:27:00,8.66666666667,29.3333333333,5,w,Snell Hall
2016-10-15 15:07:00,2016-10-15 15:41:30,1.0,9.5,5,w,Snell Hall
2016-10-15 15:55:00,2016-10-15 16:29:30,1.5,29.0,5,w,Snell Hall
2016-10-16 00:29:14,2016-10-16 01:03:10,0.416666666667,1.08333333333,5,w,Snell Hall
2016-10-16 08:07:00,2016-10-16 08:41:00,0,27.6666666667,5,w,Snell Hall
2016-10-16 10:17:40,2016-10-16 10:52:10,0.35,82.4833333333,5,w,Snell Hall
2016-10-16 12:22:00,2016-10-16 12:56:30,0.166666666667,21.3333333333,5,w,Snell Hall
2016-10-16 19:35:10,2016-10-16 20:09:30,0.5,1.16666666667,5,w,Snell Hall
2016-10-17 06:57:10,2016-10-17 07:31:30,3.66666666667,8.83333333333,5,w,Snell Hall
2016-10-17 12:45:30,2016-10-17 13:20:00,0.5,0.166666666667,5,w,Snell Hall
2016-10-17 21:32:10,2016-10-17 22:02:30,0,4.66666666667,5,w,Snell Hall
2016-10-18 01:44:10,2016-10-18 02:18:30,9.5,5.66666666667,5,w,Snell Hall
2016-10-18 08:17:00,2016-10-18 08:51:10,9.83333333333,5.0,5,w,Snell Hall
2016-10-18 14:02:30,2016-10-18 14:37:00,10.5,79.1666666667,5,w,Snell Hall
2016-10-18 16:36:30,2016-10-18 17:11:00,1.0,5.0,5,w,Snell Hall
2016-10-18 19:38:40,2016-10-18 20:13:15,0.416666666667,3.0,5,w,Snell Hall
2016-10-18 22:11:30,2016-10-18 22:46:00,0.166666666667,8.83333333333,5,w,Snell Hall
2016-10-18 22:57:10,2016-10-18 23:30:45,0,0.333333333333,5,w,Snell Hall
2016-10-19 21:00:40,2016-10-19 21:29:00,0,64.5,5,w,Snell Hall
2016-10-20 10:30:30,2016-10-20 11:05:00,0.666666666667,0.833333333333,5,w,Snell Hall
2016-10-20 14:15:30,2016-10-20 14:50:00,0.5,1.5,5,w,Snell Hall
2016-10-22 09:30:00,2016-10-22 10:03:40,0,1.33333333333,5,w,Snell Hall
2016-10-22 16:07:30,2016-10-22 16:42:00,2.0,1.0,5,w,Snell Hall
2016-10-23 09:39:10,2016-10-23 10:13:40,0.5,16.3333333333,5,w,Snell Hall
2016-10-23 11:25:30,2016-10-23 12:00:00,1.5,2.66666666667,5,w,Snell Hall
2016-10-23 12:35:45,2016-10-23 13:10:00,0,9.5,5,w,Snell Hall
2016-10-23 13:26:10,2016-10-23 14:00:31,0,42.0,5,w,Snell Hall
2016-10-23 15:54:00,2016-10-23 16:28:30,0,13.6666666667,5,w,Snell Hall
2016-10-23 18:25:30,2016-10-23 19:00:00,3.5,1.5,5,w,Snell Hall
2016-10-23 20:44:00,2016-10-23 21:18:30,0.5,6.0,5,w,Snell Hall
2016-10-24 21:18:10,2016-10-24 21:52:10,0,1.5,5,w,Snell Hall
2016-10-25 05:49:30,2016-10-25 06:24:00,1.0,6.0,5,w,Snell Hall
2016-10-25 07:05:30,2016-10-25 07:38:10,0,3.0,5,w,Snell Hall
2016-10-25 11:06:30,2016-10-25 11:40:30,0.0,0.0,5,w,Snell Hall
2016-10-25 14:50:30,2016-10-25 15:24:41,0.483333333333,4.5,5,w,Snell Hall
2016-10-25 21:49:10,2016-10-25 22:23:30,0,11.1666666667,5,w,Snell Hall
2016-10-26 00:20:31,2016-10-26 00:55:00,1.08333333333,1.91666666667,5,w,Snell Hall
2016-10-26 12:40:00,2016-10-26 13:14:30,0.5,2.0,5,w,Snell Hall
2016-10-26 22:38:35,2016-10-26 23:12:40,0.833333333333,4.15,5,w,Snell Hall
2016-10-27 05:11:11,2016-10-27 05:44:10,0,5.83333333333,5,w,Snell Hall
2016-10-27 11:03:40,2016-10-27 11:37:40,0,0.5,5,w,Snell Hall
2016-10-27 12:08:35,2016-10-27 12:43:00,0.666666666667,0.0,5,w,Snell Hall
2016-10-27 17:00:30,2016-10-27 17:34:40,0,409.383333333,5,w,Snell Hall
2016-10-28 02:33:00,2016-10-28 03:07:30,3.0,30.5,5,w,Snell Hall
2016-10-28 05:42:00,2016-10-28 06:16:00,0,9.5,5,w,Snell Hall
2016-10-28 14:35:00,2016-10-28 15:04:30,0,36.0,5,w,Snell Hall
2016-10-29 10:05:30,2016-10-29 10:39:00,1.0,7.16666666667,5,w,Snell Hall
2016-10-29 11:02:30,2016-10-29 11:36:00,0.666666666667,7.83333333333,5,w,Snell Hall
2016-10-29 21:12:00,2016-10-29 21:45:30,1.5,0.5,5,w,Snell Hall
2016-10-30 12:49:10,2016-10-30 13:22:31,0.483333333333,148.0,5,w,Snell Hall
2016-10-30 15:52:40,2016-10-30 16:26:10,199.333333333,0.0,5,w,Snell Hall
2016-10-30 20:45:30,2016-10-30 21:19:00,0.666666666667,6.5,5,w,Snell Hall
2016-10-30 22:27:40,2016-10-30 23:01:15,0.75,5.5,5,w,Snell Hall
2016-10-31 06:42:30,2016-10-31 07:15:10,0,7.5,5,w,Snell Hall
2016-10-31 13:58:10,2016-10-31 14:31:30,1.0,4.0,5,w,Snell Hall
2016-11-01 15:09:40,2016-11-01 15:43:00,10.0,13.6666666667,5,w,Snell Hall
2016-11-01 20:33:00,2016-11-01 21:06:10,11.0,4.83333333333,5,w,Snell Hall
2016-11-01 21:25:40,2016-11-01 21:59:10,2.08333333333,19.25,5,w,Snell Hall
2016-11-01 23:06:30,2016-11-01 23:40:00,0,2.0,5,w,Snell Hall
2016-11-01 23:45:00,2016-11-02 00:18:31,0.15,17.5,5,w,Snell Hall
2016-11-02 23:30:30,2016-11-03 00:04:40,0,25.9,5,w,Snell Hall
2016-11-03 11:15:30,2016-11-03 11:49:00,2.0,1.0,5,w,Snell Hall
2016-11-03 14:56:00,2016-11-03 15:29:30,1.0,13.6666666667,5,w,Snell Hall
2016-11-03 18:16:05,2016-11-03 18:49:30,1.0,4.16666666667,5,w,Snell Hall
2016-11-04 19:15:30,2016-11-04 19:49:00,0.666666666667,20.8333333333,5,w,Snell Hall
2016-11-04 20:17:00,2016-11-04 20:46:10,0,6.83333333333,5,w,Snell Hall
2016-11-05 07:31:30,2016-11-05 07:59:10,0,37.8333333333,5,w,Snell Hall
2016-11-05 11:30:40,2016-11-05 12:04:10,0.833333333333,0.0,5,w,Snell Hall
2016-11-05 14:51:10,2016-11-05 15:24:40,4.33333333333,77.5,5,w,Snell Hall
2016-11-05 19:45:40,2016-11-05 20:19:10,1.5,0.416666666667,5,w,Snell Hall
2016-11-06 10:11:31,2016-11-06 10:45:00,1.0,4.66666666667,5,w,Snell Hall
2016-11-06 17:26:30,2016-11-06 18:00:00,2.16666666667,226.833333333,5,w,Snell Hall
2016-11-06 21:51:40,2016-11-06 22:25:10,1.33333333333,0.166666666667,5,w,Snell Hall
2016-11-06 23:03:30,2016-11-06 23:37:00,0.5,0.0,5,w,Snell Hall
2016-11-07 01:20:10,2016-11-07 01:53:30,4.16666666667,2.33333333333,5,w,Snell Hall
2016-11-07 05:44:00,2016-11-07 06:17:30,3.66666666667,6.5,5,w,Snell Hall
2016-11-07 15:37:40,2016-11-07 16:10:10,0,0.333333333333,5,w,Snell Hall
2016-11-07 16:44:10,2016-11-07 17:17:40,0.5,25.3333333333,5,w,Snell Hall
2016-11-07 20:03:30,2016-11-07 20:37:00,1.66666666667,4.83333333333,5,w,Snell Hall
2016-11-07 22:43:30,2016-11-07 23:17:00,1.0,17.25,5,w,Snell Hall
2016-11-09 13:45:10,2016-11-09 14:19:30,1.5,5.16666666667,5,w,Snell Hall
2016-11-09 14:31:00,2016-11-09 15:05:00,0,4.16666666667,5,w,Snell Hall
2016-11-09 18:31:10,2016-11-09 19:05:40,0.833333333333,61.1666666667,5,w,Snell Hall
2016-11-10 01:00:00,2016-11-10 01:34:30,0.166666666667,3.0,5,w,Snell Hall
2016-11-10 10:14:30,2016-11-10 10:48:00,1.66666666667,0.333333333333,5,w,Snell Hall
2016-11-10 23:00:00,2016-11-10 23:33:10,0.833333333333,0.0,5,w,Snell Hall
2016-11-11 12:34:30,2016-11-11 13:09:00,7.16666666667,52.8333333333,5,w,Snell Hall
2016-11-11 20:57:01,2016-11-11 21:31:30,11.5,20.0,5,w,Snell Hall
2016-11-12 18:57:10,2016-11-12 19:30:40,0.333333333333,1.0,5,w,Snell Hall
2016-11-13 11:41:10,2016-11-13 12:14:40,2.83333333333,1.0,5,w,Snell Hall
2016-11-13 13:01:00,2016-11-13 13:34:30,0.5,2.5,5,w,Snell Hall
2016-11-13 14:23:30,2016-11-13 14:56:40,1.83333333333,33.6666666667,5,w,Snell Hall
2016-11-13 15:36:05,2016-11-13 16:09:30,2.5,43.1666666667,5,w,Snell Hall
2016-11-13 17:06:30,2016-11-13 17:40:00,2.0,14.5,5,w,Snell Hall
2016-11-13 18:00:00,2016-11-13 18:33:30,1.66666666667,37.3333333333,5,w,Snell Hall
2016-11-13 19:23:10,2016-11-13 19:56:40,1.91666666667,3.41666666667,5,w,Snell Hall
2016-11-13 20:04:40,2016-11-13 20:33:00,0,6.16666666667,5,w,Snell Hall
2016-11-14 12:50:30,2016-11-14 13:25:00,0,34.5,5,w,Snell Hall
2016-11-14 14:07:00,2016-11-14 14:41:30,13.6666666667,0.333333333333,5,w,Snell Hall
2016-11-14 23:48:10,2016-11-15 00:21:50,0,5.35,5,w,Snell Hall
2016-11-15 07:03:35,2016-11-15 07:36:10,0,8.33333333333,5,w,Snell Hall
2016-11-15 12:16:05,2016-11-15 12:50:40,0.833333333333,79.5,5,w,Snell Hall
2016-11-15 15:24:00,2016-11-15 15:58:10,1.33333333333,65.6666666667,5,w,Snell Hall
2016-11-15 21:08:10,2016-11-15 21:42:40,1.5,2.5,5,w,Snell Hall
2016-11-15 23:00:30,2016-11-15 23:35:00,0.666666666667,7.5,5,w,Snell Hall
2016-11-16 13:08:40,2016-11-16 13:43:10,8.83333333333,87.0,5,w,Snell Hall
2016-11-17 12:07:10,2016-11-17 12:41:30,0.0,0.0,5,w,Snell Hall
2016-11-18 15:29:30,2016-11-18 16:03:40,13.3333333333,0.0,5,w,Snell Hall
2016-11-19 12:10:10,2016-11-19 12:43:40,0.833333333333,0.516666666667,5,w,Snell Hall
2016-11-19 15:25:00,2016-11-19 15:58:10,6.83333333333,0.666666666667,5,w,Snell Hall
2016-11-19 16:13:00,2016-11-19 16:46:10,2.33333333333,2.16666666667,5,w,Snell Hall
2016-11-19 19:00:30,2016-11-19 19:34:00,2.5,1.0,5,w,Snell Hall
2016-11-19 23:02:40,2016-11-19 23:36:10,10.0,18.0,5,w,Snell Hall
2016-11-20 00:29:31,2016-11-20 01:02:10,4.35,0.0,5,w,Snell Hall
2016-11-20 07:52:00,2016-11-20 08:25:30,1.5,0.666666666667,5,w,Snell Hall
2016-11-20 11:40:01,2016-11-20 12:13:30,11.5,0.0,5,w,Snell Hall
2016-11-20 13:02:30,2016-11-20 13:36:00,1.16666666667,6.0,5,w,Snell Hall
2016-11-20 15:11:40,2016-11-20 15:45:10,0.333333333333,1.0,5,w,Snell Hall
2016-11-20 16:02:40,2016-11-20 16:36:10,1.85,0.983333333333,5,w,Snell Hall
2016-11-20 16:46:10,2016-11-20 17:19:40,11.0166666667,10.8166666667,5,w,Snell Hall
2016-11-21 01:07:00,2016-11-21 01:40:10,0.85,13.15,5,w,Snell Hall
2016-11-21 08:13:40,2016-11-21 08:47:10,2.0,5.83333333333,5,w,Snell Hall
2016-11-21 15:31:30,2016-11-21 16:05:01,0.483333333333,15.0,5,w,Snell Hall
2016-11-22 10:47:30,2016-11-22 11:21:00,1.66666666667,0.333333333333,5,w,Snell Hall
2016-11-22 13:29:40,2016-11-22 14:03:10,1.83333333333,35.5,5,w,Snell Hall
2016-11-22 15:14:00,2016-11-22 15:47:30,1.0,53.6666666667,5,w,Snell Hall
2016-11-22 16:45:40,2016-11-22 17:18:30,0,4.0,5,w,Snell Hall
2016-11-23 07:30:10,2016-11-23 08:03:00,0,10.5,5,w,Snell Hall
2016-11-23 08:24:40,2016-11-23 08:59:10,1.0,5.33333333333,5,w,Snell Hall
2016-11-23 14:13:30,2016-11-23 14:47:40,0,14.5,5,w,Snell Hall
2016-11-23 16:14:30,2016-11-23 16:49:00,0,1.0,5,w,Snell Hall
2016-11-23 17:24:40,2016-11-23 17:55:40,0,22.8333333333,5,w,Snell Hall
2016-11-23 23:47:00,2016-11-24 00:22:42,10.3,10.0,5,w,Snell Hall
2016-11-24 21:01:30,2016-11-24 21:36:00,7.16666666667,1.0,5,w,Snell Hall
2016-11-25 18:25:30,2016-11-25 19:00:00,0.166666666667,0.5,5,w,Snell Hall
2016-11-26 15:17:10,2016-11-26 15:51:40,0.5,57.8333333333,5,w,Snell Hall
2016-11-26 21:10:10,2016-11-26 21:44:40,0.833333333333,0.166666666667,5,w,Snell Hall
2016-11-27 18:18:30,2016-11-27 18:52:40,0,0.333333333333,5,w,Snell Hall
2016-11-27 19:56:30,2016-11-27 20:30:30,0,7.5,5,w,Snell Hall
2016-11-28 12:48:40,2016-11-28 13:23:11,8.98333333333,331.5,5,w,Snell Hall
2016-11-29 04:50:10,2016-11-29 05:24:30,0,4.01666666667,5,w,Snell Hall
2016-11-29 06:45:40,2016-11-29 07:19:40,0,0.333333333333,5,w,Snell Hall
2016-11-29 10:15:00,2016-11-29 10:49:30,1.0,42.1666666667,5,w,Snell Hall
2016-11-29 18:31:10,2016-11-29 19:05:30,0,2.18333333333,5,w,Snell Hall
2016-11-30 11:40:40,2016-11-30 12:15:00,0,3.5,5,w,Snell Hall
2016-11-30 23:14:40,2016-11-30 23:43:30,0,13.5,5,w,Snell Hall
2016-12-01 12:42:00,2016-12-01 13:15:30,6.0,3.5,5,w,Snell Hall
2016-12-01 13:29:30,2016-12-01 14:02:00,0,11.1666666667,5,w,Snell Hall
2016-12-01 15:14:35,2016-12-01 15:48:00,2.0,0.166666666667,5,w,Snell Hall
2016-12-02 13:34:35,2016-12-02 14:08:00,2.16666666667,20.3333333333,5,w,Snell Hall
2016-12-02 14:32:00,2016-12-02 15:05:30,1.66666666667,142.833333333,5,w,Snell Hall
2016-12-02 19:57:00,2016-12-02 20:30:10,0.0,0.0,5,w,Snell Hall
2016-12-03 10:56:40,2016-12-03 11:30:10,13.3333333333,8.5,5,w,Snell Hall
2016-12-03 12:09:00,2016-12-03 12:42:30,0.5,16.6666666667,5,w,Snell Hall
2016-12-03 19:07:00,2016-12-03 19:40:10,2.0,0.0,5,w,Snell Hall
2016-12-04 12:45:00,2016-12-04 13:18:30,0.666666666667,5.83333333333,5,w,Snell Hall
2016-12-04 15:01:30,2016-12-04 15:35:00,1.16666666667,26.35,5,w,Snell Hall
2016-12-04 21:37:10,2016-12-04 22:10:41,1.31666666667,26.0,5,w,Snell Hall
2016-12-05 00:09:12,2016-12-05 00:42:10,4.5,72.8333333333,5,w,Snell Hall
2016-12-05 07:16:00,2016-12-05 07:49:10,0,15.5,5,w,Snell Hall
2016-12-05 09:58:10,2016-12-05 10:31:30,1.0,6.5,5,w,Snell Hall
2016-12-05 13:06:10,2016-12-05 13:39:40,0.333333333333,12.1666666667,5,w,Snell Hall
2016-12-05 14:36:30,2016-12-05 15:09:40,0,15.5,5,w,Snell Hall
2016-12-05 17:36:00,2016-12-05 18:09:30,1.0,0.166666666667,5,w,Snell Hall
2016-12-05 18:30:00,2016-12-05 19:03:30,3.0,39.5,5,w,Snell Hall
2016-12-06 00:53:10,2016-12-06 01:26:40,0.333333333333,6.16666666667,5,w,Snell Hall
2016-12-06 10:23:10,2016-12-06 10:56:30,1.0,2.66666666667,5,w,Snell Hall
2016-12-06 11:37:00,2016-12-06 12:10:30,0.5,5.16666666667,5,w,Snell Hall
2016-12-06 20:16:30,2016-12-06 20:50:00,2.0,3.66666666667,5,w,Snell Hall
2016-12-07 16:08:40,2016-12-07 16:42:00,1.16666666667,146.833333333,5,w,Snell Hall
2016-12-07 19:15:00,2016-12-07 19:48:30,1.66666666667,1.83333333333,5,w,Snell Hall
2016-12-07 19:57:30,2016-12-07 20:31:00,1.66666666667,4.0,5,w,Snell Hall
2016-12-08 08:28:00,2016-12-08 09:01:30,0.5,10.0,5,w,Snell Hall
2016-12-08 09:53:30,2016-12-08 10:27:00,2.0,0.0,5,w,Snell Hall
2016-12-08 14:09:10,2016-12-08 14:42:40,11.0,0.5,5,w,Snell Hall
2016-12-08 16:28:00,2016-12-08 17:01:30,0.5,0.166666666667,5,w,Snell Hall
2016-12-08 17:14:30,2016-12-08 17:48:00,4.0,3.5,5,w,Snell Hall
2016-12-08 20:48:30,2016-12-08 21:15:40,0,1.83333333333,5,w,Snell Hall
2016-12-08 21:21:00,2016-12-08 21:48:00,0,7.5,5,w,Snell Hall
2016-12-08 22:04:30,2016-12-08 22:38:00,1.0,12.0,5,w,Snell Hall
2016-12-09 02:44:30,2016-12-09 03:18:00,6.16666666667,4.33333333333,5,w,Snell Hall
2016-12-09 03:47:10,2016-12-09 04:20:40,0.833333333333,3.0,5,w,Snell Hall
2016-12-09 15:50:10,2016-12-09 16:24:30,2.0,15.0,5,w,Snell Hall
2016-12-09 17:56:30,2016-12-09 18:31:00,5.5,5.16666666667,5,w,Snell Hall
2016-12-09 20:12:00,2016-12-09 20:46:00,0,10.0,5,w,Snell Hall
2016-12-09 21:47:00,2016-12-09 22:21:30,5.0,15.0,5,w,Snell Hall
2016-12-10 00:01:13,2016-12-10 00:35:00,1.18333333333,7.96666666667,5,w,Snell Hall
2016-12-10 01:08:30,2016-12-10 01:36:00,0,10.0,5,w,Snell Hall
2016-12-10 01:58:30,2016-12-10 02:33:00,1.0,0.0,5,w,Snell Hall
2016-09-24 10:39:00,2016-09-24 11:13:00,0.0,0.0,6,w,Snell Hall
2016-09-24 17:01:30,2016-09-24 17:35:15,0,0.25,6,w,Snell Hall
2016-09-25 01:04:15,2016-09-25 01:38:30,0,4.75,6,w,Snell Hall
2016-09-25 13:54:00,2016-09-25 14:27:31,1.01666666667,8.96666666667,6,w,Snell Hall
2016-09-26 16:10:00,2016-09-26 16:43:30,2.5,0.25,6,w,Snell Hall
2016-09-26 18:00:45,2016-09-26 18:34:15,0.75,16.5,6,w,Snell Hall
2016-09-26 19:00:45,2016-09-26 19:34:15,12.75,3.0,6,w,Snell Hall
2016-09-26 19:53:00,2016-09-26 20:26:30,0,3.0,6,w,Snell Hall
2016-09-28 06:35:45,2016-09-28 07:09:15,1.5,43.25,6,w,Snell Hall
2016-09-28 15:07:10,2016-09-28 15:40:40,4.33333333333,0.166666666667,6,w,Snell Hall
2016-09-28 15:47:30,2016-09-28 16:21:00,1.5,0.166666666667,6,w,Snell Hall
2016-09-28 18:11:00,2016-09-28 18:44:10,1.33333333333,0.0,6,w,Snell Hall
2016-09-28 20:10:00,2016-09-28 20:43:10,0.833333333333,6.66666666667,6,w,Snell Hall
2016-09-28 21:32:05,2016-09-28 22:05:40,11.3333333333,2.58333333333,6,w,Snell Hall
2016-09-30 01:16:00,2016-09-30 01:49:35,1.08333333333,21.3333333333,6,w,Snell Hall
2016-09-30 10:37:30,2016-09-30 11:11:00,1.16666666667,6.33333333333,6,w,Snell Hall
2016-10-01 02:23:30,2016-10-01 02:57:00,1.66666666667,0.333333333333,6,w,Snell Hall
2016-10-01 15:15:00,2016-10-01 15:48:30,10.5,0.0,6,w,Snell Hall
2016-10-01 16:04:10,2016-10-01 16:37:30,10.0,64.0,6,w,Snell Hall
2016-10-01 17:57:40,2016-10-01 18:31:10,0.5,8.33333333333,6,w,Snell Hall
2016-10-01 18:44:00,2016-10-01 19:17:30,1.0,40.5,6,w,Snell Hall
2016-10-01 20:02:30,2016-10-01 20:36:00,1.0,16.5,6,w,Snell Hall
2016-10-01 20:57:30,2016-10-01 21:31:00,2.25,8.75,6,w,Snell Hall
2016-10-02 07:17:40,2016-10-02 07:51:10,7.83333333333,0.0,6,w,Snell Hall
2016-10-02 11:16:30,2016-10-02 11:50:02,0,1.48333333333,6,w,Snell Hall
2016-10-02 13:49:10,2016-10-02 14:41:40,0.0,0.0,6,w,Snell Hall
2016-10-02 16:15:30,2016-10-02 16:49:00,0.666666666667,10.3333333333,6,w,Snell Hall
2016-10-03 00:15:01,2016-10-03 00:47:30,3.0,2.5,6,w,Snell Hall
2016-10-03 06:18:00,2016-10-03 06:51:30,0.5,29.5,6,w,Snell Hall
2016-10-03 19:44:40,2016-10-03 20:18:15,14.25,7.5,6,w,Snell Hall
2016-10-05 06:31:30,2016-10-05 07:05:30,0,3.0,6,w,Snell Hall
2016-10-05 16:04:30,2016-10-05 16:39:00,14.5,2.5,6,w,Snell Hall
2016-10-06 10:10:35,2016-10-06 10:45:10,1.33333333333,1.0,6,w,Snell Hall
2016-10-06 19:13:40,2016-10-06 19:48:05,0.416666666667,19.0,6,w,Snell Hall
2016-10-06 22:33:00,2016-10-06 23:07:10,0.833333333333,37.0,6,w,Snell Hall
2016-10-07 11:40:40,2016-10-07 12:14:10,2.5,11.4166666667,6,w,Snell Hall
2016-10-07 12:38:10,2016-10-07 13:11:40,6.0,0.333333333333,6,w,Snell Hall
2016-10-07 14:42:00,2016-10-07 15:15:35,1.58333333333,6.33333333333,6,w,Snell Hall
2016-10-07 16:18:30,2016-10-07 16:52:00,1.16666666667,2.0,6,w,Snell Hall
2016-10-07 19:42:30,2016-10-07 20:15:45,5.41666666667,9.0,6,w,Snell Hall
2016-10-08 11:28:30,2016-10-08 12:02:00,1.5,0.0,6,w,Snell Hall
2016-10-08 13:10:10,2016-10-08 13:43:40,11.5,22.5,6,w,Snell Hall
2016-10-08 14:48:30,2016-10-08 15:22:00,0.166666666667,11.3333333333,6,w,Snell Hall
2016-10-08 17:03:00,2016-10-08 17:36:30,10.5,12.6,6,w,Snell Hall
2016-10-08 17:59:40,2016-10-08 18:33:43,12.95,331.483333333,6,w,Snell Hall
2016-10-09 02:09:00,2016-10-09 02:42:30,1.66666666667,4.33333333333,6,w,Snell Hall
2016-10-09 08:09:00,2016-10-09 08:42:30,1.66666666667,0.333333333333,6,w,Snell Hall
2016-10-09 11:47:30,2016-10-09 12:21:00,1.5,0.0,6,w,Snell Hall
2016-10-09 12:55:00,2016-10-09 13:28:32,1.65,4.83333333333,6,w,Snell Hall
2016-10-09 14:08:10,2016-10-09 14:41:40,1.41666666667,32.5,6,w,Snell Hall
2016-10-09 15:26:30,2016-10-09 16:00:00,2.0,3.16666666667,6,w,Snell Hall
2016-10-09 16:31:00,2016-10-09 17:04:30,0.5,31.5,6,w,Snell Hall
2016-10-09 18:02:40,2016-10-09 18:36:10,1.5,16.0,6,w,Snell Hall
2016-10-09 19:06:00,2016-10-09 19:39:30,1.66666666667,25.3333333333,6,w,Snell Hall
2016-10-09 20:15:00,2016-10-09 20:41:40,0,19.3333333333,6,w,Snell Hall
2016-10-10 06:38:05,2016-10-10 07:12:30,1.66666666667,6.0,6,w,Snell Hall
2016-10-10 19:23:10,2016-10-10 19:57:40,6.33333333333,0.166666666667,6,w,Snell Hall
2016-10-10 20:24:10,2016-10-10 20:58:40,1.0,34.3333333333,6,w,Snell Hall
2016-10-10 21:36:10,2016-10-10 22:10:30,0,35.5,6,w,Snell Hall
2016-10-10 23:25:00,2016-10-10 23:59:00,0,19.0666666667,6,w,Snell Hall
2016-10-11 17:33:05,2016-10-11 18:07:30,0.583333333333,4.41666666667,6,w,Snell Hall
2016-10-11 19:16:00,2016-10-11 19:50:00,0,15.5,6,w,Snell Hall
2016-10-12 18:52:00,2016-10-12 19:10:45,0,21.4166666667,6,w,Snell Hall
2016-10-13 13:38:00,2016-10-13 14:12:30,3.0,57.1666666667,6,w,Snell Hall
2016-10-13 20:59:30,2016-10-13 21:34:00,0,40.0,6,w,Snell Hall
2016-10-13 23:14:10,2016-10-13 23:48:40,0.333333333333,0.5,6,w,Snell Hall
2016-10-14 10:40:10,2016-10-14 11:14:30,2.16666666667,204.5,6,w,Snell Hall
2016-10-14 19:09:40,2016-10-14 19:44:10,0.833333333333,3.5,6,w,Snell Hall
2016-10-15 10:39:30,2016-10-15 11:13:40,0,0.333333333333,6,w,Snell Hall
2016-10-15 11:27:00,2016-10-15 12:01:30,2.5,1.66666666667,6,w,Snell Hall
2016-10-15 13:52:30,2016-10-15 14:27:00,12.0,28.0,6,w,Snell Hall
2016-10-15 16:43:10,2016-10-15 17:17:40,8.5,52.8333333333,6,w,Snell Hall
2016-10-15 20:45:00,2016-10-15 21:19:10,0,1.0,6,w,Snell Hall
2016-10-16 00:28:48,2016-10-16 01:03:10,0.416666666667,3.58333333333,6,w,Snell Hall
2016-10-16 07:14:30,2016-10-16 07:49:00,0.666666666667,0.333333333333,6,w,Snell Hall
2016-10-16 08:07:00,2016-10-16 08:41:00,0,28.5,6,w,Snell Hall
2016-10-16 09:47:00,2016-10-16 10:21:30,0,1.0,6,w,Snell Hall
2016-10-16 12:17:00,2016-10-16 12:51:10,4.0,0.333333333333,6,w,Snell Hall
2016-10-16 13:31:00,2016-10-16 14:05:30,2.5,18.0,6,w,Snell Hall
2016-10-16 15:06:10,2016-10-16 15:40:41,9.31666666667,33.0,6,w,Snell Hall
2016-10-16 19:35:10,2016-10-16 20:09:40,1.33333333333,1.5,6,w,Snell Hall
2016-10-17 06:57:10,2016-10-17 07:31:30,2.0,10.6666666667,6,w,Snell Hall
2016-10-17 13:03:00,2016-10-17 13:37:30,0,11.1666666667,6,w,Snell Hall
2016-10-17 18:22:30,2016-10-17 18:57:00,4.66666666667,0.0,6,w,Snell Hall
2016-10-17 21:32:10,2016-10-17 22:06:40,1.55,2.95,6,w,Snell Hall
2016-10-18 00:54:00,2016-10-18 01:28:35,1.91666666667,0.0,6,w,Snell Hall
2016-10-18 01:44:10,2016-10-18 02:18:30,7.66666666667,13.5,6,w,Snell Hall
2016-10-18 19:41:00,2016-10-18 20:14:30,2.0,3.5,6,w,Snell Hall
2016-10-18 22:15:30,2016-10-18 22:49:00,3.0,2.5,6,w,Snell Hall
2016-10-18 22:59:10,2016-10-18 23:32:40,1.33333333333,0.666666666667,6,w,Snell Hall
2016-10-19 16:58:00,2016-10-19 17:31:10,1.83333333333,1.5,6,w,Snell Hall
2016-10-20 10:30:30,2016-10-20 11:05:00,0.5,0.166666666667,6,w,Snell Hall
2016-10-21 22:42:10,2016-10-21 23:16:40,0.833333333333,6.5,6,w,Snell Hall
2016-10-22 09:30:00,2016-10-22 10:04:30,0,0.5,6,w,Snell Hall
2016-10-22 10:47:40,2016-10-22 11:22:10,1.5,5.5,6,w,Snell Hall
2016-10-22 13:03:10,2016-10-22 13:37:00,0,22.1666666667,6,w,Snell Hall
2016-10-22 18:58:40,2016-10-22 19:33:00,3.5,0.166666666667,6,w,Snell Hall
2016-10-22 20:43:00,2016-10-22 21:17:30,1.0,5.5,6,w,Snell Hall
2016-10-23 11:28:10,2016-10-23 12:02:40,0.833333333333,44.6666666667,6,w,Snell Hall
2016-10-23 21:55:40,2016-10-23 22:30:10,3.33333333333,0.5,6,w,Snell Hall
2016-10-24 18:29:10,2016-10-24 19:03:40,0,0.333333333333,6,w,Snell Hall
2016-10-24 19:44:00,2016-10-24 20:19:00,0,0.166666666667,6,w,Snell Hall
2016-10-24 21:18:10,2016-10-24 21:52:30,0,1.08333333333,6,w,Snell Hall
2016-10-25 07:05:40,2016-10-25 07:41:10,0.5,0.333333333333,6,w,Snell Hall
2016-10-25 14:51:10,2016-10-25 15:26:01,0,6.15,6,w,Snell Hall
2016-10-25 21:49:30,2016-10-25 22:24:30,0,12.1666666667,6,w,Snell Hall
2016-10-26 22:38:10,2016-10-26 23:12:40,1.33333333333,1.0,6,w,Snell Hall
2016-10-27 05:11:11,2016-10-27 05:45:40,2.0,3.33333333333,6,w,Snell Hall
2016-10-27 10:54:30,2016-10-27 10:54:40,0.0,0.0,6,w,Snell Hall
2016-10-27 10:55:00,2016-10-27 11:02:30,99.5166666667,0.0,6,w,Snell Hall
2016-10-28 18:33:00,2016-10-28 19:07:30,0.166666666667,6.83333333333,6,w,Snell Hall
2016-10-29 10:05:40,2016-10-29 10:39:30,0,8.5,6,w,Snell Hall
2016-10-29 16:42:00,2016-10-29 17:16:00,0,9.66666666667,6,w,Snell Hall
2016-10-29 19:56:40,2016-10-29 20:31:05,1.58333333333,0.333333333333,6,w,Snell Hall
2016-10-29 21:12:00,2016-10-29 21:46:30,1.5,1.0,6,w,Snell Hall
2016-10-30 08:20:30,2016-10-30 08:55:00,2.0,0.0,6,w,Snell Hall
2016-10-30 10:13:00,2016-10-30 10:47:30,2.0,1.0,6,w,Snell Hall
2016-10-30 12:27:30,2016-10-30 13:02:00,10.1666666667,18.8333333333,6,w,Snell Hall
2016-10-30 20:08:00,2016-10-30 20:42:30,4.66666666667,0.0,6,w,Snell Hall
2016-10-30 21:11:00,2016-10-30 21:45:30,0.666666666667,40.3333333333,6,w,Snell Hall
2016-10-31 06:42:30,2016-10-31 07:18:00,0,5.0,6,w,Snell Hall
2016-10-31 20:38:40,2016-10-31 21:07:00,0,4.16666666667,6,w,Snell Hall
2016-11-01 15:09:40,2016-11-01 15:44:10,9.33333333333,14.1666666667,6,w,Snell Hall
2016-11-01 17:58:30,2016-11-01 18:33:00,13.1666666667,0.333333333333,6,w,Snell Hall
2016-11-01 20:32:40,2016-11-01 21:07:10,10.0,4.83333333333,6,w,Snell Hall
2016-11-01 21:26:00,2016-11-01 22:00:30,16.5,4.16666666667,6,w,Snell Hall
2016-11-01 22:46:00,2016-11-01 23:20:30,0.583333333333,24.0833333333,6,w,Snell Hall
2016-11-02 00:18:31,2016-11-02 00:51:30,1.5,4.0,6,w,Snell Hall
2016-11-02 11:08:00,2016-11-02 11:42:30,0.166666666667,37.3333333333,6,w,Snell Hall
2016-11-02 12:59:30,2016-11-02 13:34:00,9.66666666667,142.5,6,w,Snell Hall
2016-11-02 17:11:05,2016-11-02 17:45:30,13.6666666667,70.5,6,w,Snell Hall
2016-11-02 23:30:30,2016-11-03 00:05:00,9.51666666667,18.5166666667,6,w,Snell Hall
2016-11-03 01:11:10,2016-11-03 01:45:30,0.5,7.5,6,w,Snell Hall
2016-11-03 11:15:30,2016-11-03 11:50:00,1.5,2.0,6,w,Snell Hall
2016-11-03 13:32:30,2016-11-03 14:07:00,4.16666666667,9.83333333333,6,w,Snell Hall
2016-11-03 14:57:40,2016-11-03 15:32:10,0.833333333333,2.16666666667,6,w,Snell Hall
2016-11-03 18:16:05,2016-11-03 18:50:30,3.5,1.5,6,w,Snell Hall
2016-11-03 19:11:30,2016-11-03 19:44:30,0,16.6666666667,6,w,Snell Hall
2016-11-04 19:16:00,2016-11-04 19:50:10,0,20.3333333333,6,w,Snell Hall
2016-11-04 20:17:00,2016-11-04 20:51:30,0,4.0,6,w,Snell Hall
2016-11-04 22:57:10,2016-11-04 23:32:40,1.0,0.333333333333,6,w,Snell Hall
2016-11-05 10:36:10,2016-11-05 11:10:10,0,2.0,6,w,Snell Hall
2016-11-05 19:45:30,2016-11-05 20:20:00,0.666666666667,0.5,6,w,Snell Hall
2016-11-06 08:20:40,2016-11-06 08:55:10,1.33333333333,0.166666666667,6,w,Snell Hall
2016-11-06 11:46:00,2016-11-06 12:20:30,1.5,2.16666666667,6,w,Snell Hall
2016-11-06 13:07:30,2016-11-06 13:36:00,0,24.1666666667,6,w,Snell Hall
2016-11-06 19:59:30,2016-11-06 20:00:10,0,81.3333333333,6,w,Snell Hall
2016-11-06 23:10:30,2016-11-06 23:44:40,10.8333333333,24.6166666667,6,w,Snell Hall
2016-11-07 05:44:00,2016-11-07 06:18:30,0.666666666667,9.33333333333,6,w,Snell Hall
2016-11-07 15:38:00,2016-11-07 16:12:10,1.5,0.333333333333,6,w,Snell Hall
2016-11-07 20:03:30,2016-11-07 20:38:00,1.0,4.5,6,w,Snell Hall
2016-11-07 23:29:30,2016-11-08 00:04:31,0,13.4833333333,6,w,Snell Hall
2016-11-09 13:12:30,2016-11-09 13:47:00,10.0,348.666666667,6,w,Snell Hall
2016-11-10 01:00:00,2016-11-10 01:34:30,0.5,3.18333333333,6,w,Snell Hall
2016-11-10 05:21:10,2016-11-10 05:55:40,3.33333333333,1.0,6,w,Snell Hall
2016-11-10 10:14:30,2016-11-10 10:49:00,1.66666666667,1.33333333333,6,w,Snell Hall
2016-11-10 22:56:30,2016-11-10 23:30:30,0,0.666666666667,6,w,Snell Hall
2016-11-11 15:34:10,2016-11-11 16:08:40,20.3333333333,2.5,6,w,Snell Hall
2016-11-11 19:13:30,2016-11-11 19:48:00,5.0,42.0,6,w,Snell Hall
2016-11-11 22:56:30,2016-11-11 23:31:00,1.5,27.0,6,w,Snell Hall
2016-11-12 18:53:30,2016-11-12 19:28:00,0.0,0.0,6,w,Snell Hall
2016-11-13 07:34:30,2016-11-13 08:09:00,0.5,0.0,6,w,Snell Hall
2016-11-13 09:43:10,2016-11-13 10:17:45,3.75,12.5,6,w,Snell Hall
2016-11-13 13:01:10,2016-11-13 13:35:30,1.16666666667,1.0,6,w,Snell Hall
2016-11-13 15:15:10,2016-11-13 15:49:40,3.0,41.8333333333,6,w,Snell Hall
2016-11-13 16:43:30,2016-11-13 17:18:00,2.0,1.0,6,w,Snell Hall
2016-11-13 17:23:30,2016-11-13 17:58:00,1.0,2.0,6,w,Snell Hall
2016-11-13 19:42:30,2016-11-13 20:16:40,2.33333333333,12.6666666667,6,w,Snell Hall
2016-11-14 13:33:00,2016-11-14 14:05:30,0,8.0,6,w,Snell Hall
2016-11-14 18:47:00,2016-11-14 19:21:30,1.0,6.16666666667,6,w,Snell Hall
2016-11-14 21:19:00,2016-11-14 21:53:35,0.916666666667,2.5,6,w,Snell Hall
2016-11-15 07:03:35,2016-11-15 07:38:00,0,7.0,6,w,Snell Hall
2016-11-15 21:08:00,2016-11-15 21:42:30,2.5,1.0,6,w,Snell Hall
2016-11-15 23:00:40,2016-11-15 23:34:40,0,10.5,6,w,Snell Hall
2016-11-15 23:49:00,2016-11-16 00:23:36,0.716666666667,7.0,6,w,Snell Hall
2016-11-16 13:08:40,2016-11-16 13:43:10,9.33333333333,44.1666666667,6,w,Snell Hall
2016-11-16 15:30:30,2016-11-16 16:05:00,0,12.5,6,w,Snell Hall
2016-11-16 21:09:30,2016-11-16 21:44:00,2.0,2.58333333333,6,w,Snell Hall
2016-11-17 12:07:10,2016-11-17 12:40:40,1.33333333333,1.0,6,w,Snell Hall
2016-11-17 17:21:10,2016-11-17 17:54:30,1.16666666667,13.0,6,w,Snell Hall
2016-11-17 23:46:00,2016-11-18 00:21:01,0,432.483333333,6,w,Snell Hall
2016-11-18 15:29:30,2016-11-18 16:02:46,17.2333333333,0.0,6,w,Snell Hall
2016-11-18 16:55:30,2016-11-18 17:29:00,1.5,9.5,6,w,Snell Hall
2016-11-19 06:43:30,2016-11-19 07:17:40,2.83333333333,13.6666666667,6,w,Snell Hall
2016-11-19 12:27:30,2016-11-19 13:02:00,6.66666666667,187.5,6,w,Snell Hall
2016-11-19 16:46:00,2016-11-19 17:20:00,1.66666666667,19.85,6,w,Snell Hall
2016-11-19 18:37:30,2016-11-19 19:11:30,0,169.0,6,w,Snell Hall
2016-11-19 23:02:40,2016-11-19 23:37:10,10.8333333333,16.7333333333,6,w,Snell Hall
2016-11-20 07:52:30,2016-11-20 08:26:00,0,3.66666666667,6,w,Snell Hall
2016-11-20 12:09:00,2016-11-20 12:43:30,0.5,18.6833333333,6,w,Snell Hall
2016-11-20 13:23:10,2016-11-20 13:57:40,0.0,0.0,6,w,Snell Hall
2016-11-20 15:11:40,2016-11-20 15:46:10,0.833333333333,0.166666666667,6,w,Snell Hall
2016-11-20 16:46:10,2016-11-20 17:20:30,10.1833333333,8.81666666667,6,w,Snell Hall
2016-11-21 01:07:00,2016-11-21 01:41:01,0,13.4833333333,6,w,Snell Hall
2016-11-21 14:29:30,2016-11-21 15:04:00,1.66666666667,0.333333333333,6,w,Snell Hall
2016-11-21 15:58:30,2016-11-21 16:31:10,0,109.833333333,6,w,Snell Hall
2016-11-21 20:48:00,2016-11-21 21:22:30,0,5.16666666667,6,w,Snell Hall
2016-11-22 00:51:31,2016-11-22 01:26:00,2.5,0.166666666667,6,w,Snell Hall
2016-11-22 15:14:00,2016-11-22 15:48:30,9.0,44.5,6,w,Snell Hall
2016-11-22 16:45:40,2016-11-22 17:19:30,0,2.0,6,w,Snell Hall
2016-11-23 07:30:10,2016-11-23 08:03:40,1.83333333333,8.16666666667,6,w,Snell Hall
2016-11-23 08:24:30,2016-11-23 08:58:00,2.0,7.16666666667,6,w,Snell Hall
2016-11-23 11:40:30,2016-11-23 12:13:40,1.83333333333,2.5,6,w,Snell Hall
2016-11-23 16:17:00,2016-11-23 16:50:30,2.0,1.5,6,w,Snell Hall
2016-11-23 23:47:00,2016-11-24 00:22:42,10.3,10.1666666667,6,w,Snell Hall
2016-11-24 21:01:30,2016-11-24 21:36:00,2.0,4.0,6,w,Snell Hall
2016-11-25 18:25:40,2016-11-25 18:58:30,0,0.666666666667,6,w,Snell Hall
2016-11-26 14:31:30,2016-11-26 15:06:00,0.666666666667,10.3333333333,6,w,Snell Hall
2016-11-26 16:42:40,2016-11-26 17:17:10,0.833333333333,4.0,6,w,Snell Hall
2016-11-26 23:19:10,2016-11-26 23:53:30,3.16666666667,0.833333333333,6,w,Snell Hall
2016-11-27 14:56:40,2016-11-27 15:31:00,0.5,0.583333333333,6,w,Snell Hall
2016-11-27 18:15:40,2016-11-27 18:50:15,3.25,0.0,6,w,Snell Hall
2016-11-27 19:15:10,2016-11-27 19:49:40,0,5.5,6,w,Snell Hall
2016-11-27 19:58:00,2016-11-27 20:32:30,3.5,1.5,6,w,Snell Hall
2016-11-27 20:42:00,2016-11-27 21:16:30,0,4.0,6,w,Snell Hall
2016-11-28 12:48:40,2016-11-28 13:23:11,9.81666666667,330.666666667,6,w,Snell Hall
2016-11-29 06:45:40,2016-11-29 07:20:10,0.333333333333,0.0,6,w,Snell Hall
2016-11-29 18:31:10,2016-11-29 19:05:40,1.0,1.33333333333,6,w,Snell Hall
2016-11-30 19:32:30,2016-11-30 20:07:00,1.16666666667,0.333333333333,6,w,Snell Hall
2016-11-30 22:01:30,2016-11-30 22:35:10,0,7.83333333333,6,w,Snell Hall
2016-12-01 09:25:40,2016-12-01 10:00:10,0.833333333333,6.66666666667,6,w,Snell Hall
2016-12-01 13:23:30,2016-12-01 13:56:00,0,17.0,6,w,Snell Hall
2016-12-01 15:43:00,2016-12-01 16:17:10,0,1.5,6,w,Snell Hall
2016-12-02 13:16:30,2016-12-02 13:50:40,0,79.8333333333,6,w,Snell Hall
2016-12-02 18:36:30,2016-12-02 19:10:45,2.41666666667,0.333333333333,6,w,Snell Hall
2016-12-02 19:57:00,2016-12-02 20:31:30,3.0,0.0,6,w,Snell Hall
2016-12-03 08:24:30,2016-12-03 08:57:10,0,15.8333333333,6,w,Snell Hall
2016-12-03 11:38:10,2016-12-03 12:12:40,1.0,2.83333333333,6,w,Snell Hall
2016-12-03 19:07:00,2016-12-03 19:41:11,0.816666666667,1.5,6,w,Snell Hall
2016-12-04 08:37:19,2016-12-04 09:11:40,0.833333333333,37.6666666667,6,w,Snell Hall
2016-12-04 12:45:00,2016-12-04 13:19:30,1.0,5.66666666667,6,w,Snell Hall
2016-12-04 20:23:40,2016-12-04 20:57:30,0.0,0.0,6,w,Snell Hall
2016-12-04 21:39:30,2016-12-04 22:14:00,0.666666666667,22.8333333333,6,w,Snell Hall
2016-12-05 07:16:00,2016-12-05 07:50:30,2.66666666667,11.8333333333,6,w,Snell Hall
2016-12-05 09:58:00,2016-12-05 10:32:30,3.0,4.16666666667,6,w,Snell Hall
2016-12-05 14:36:30,2016-12-05 15:11:00,4.0,10.5,6,w,Snell Hall
2016-12-05 17:36:00,2016-12-05 18:08:30,0,1.66666666667,6,w,Snell Hall
2016-12-06 00:53:10,2016-12-06 01:27:40,2.5,3.33333333333,6,w,Snell Hall
2016-12-06 08:29:10,2016-12-06 09:03:40,0.833333333333,6.66666666667,6,w,Snell Hall
2016-12-06 10:28:30,2016-12-06 11:03:00,14.6666666667,16.3333333333,6,w,Snell Hall
2016-12-06 11:36:40,2016-12-06 12:11:10,15.3333333333,203.5,6,w,Snell Hall
2016-12-06 18:51:30,2016-12-06 19:26:00,12.1666666667,30.5,6,w,Snell Hall
2016-12-06 20:17:00,2016-12-06 20:51:30,1.0,4.16666666667,6,w,Snell Hall
2016-12-07 16:08:40,2016-12-07 16:43:00,0.166666666667,147.333333333,6,w,Snell Hall
2016-12-07 19:15:30,2016-12-07 19:50:00,0,3.16666666667,6,w,Snell Hall
2016-12-07 19:57:30,2016-12-07 20:32:00,1.5,1.66666666667,6,w,Snell Hall
2016-12-08 09:53:30,2016-12-08 10:28:00,1.0,1.16666666667,6,w,Snell Hall
2016-12-08 13:32:41,2016-12-08 14:07:10,11.3333333333,4.66666666667,6,w,Snell Hall
2016-12-08 15:06:00,2016-12-08 15:40:30,0.666666666667,2.33333333333,6,w,Snell Hall
2016-12-08 16:38:10,2016-12-08 17:12:30,1.5,0.5,6,w,Snell Hall
2016-12-08 17:37:00,2016-12-08 18:11:30,0.5,3.66666666667,6,w,Snell Hall
2016-12-08 20:48:30,2016-12-08 21:17:00,0,4.0,6,w,Snell Hall
2016-12-08 22:04:30,2016-12-08 22:39:00,0,13.1666666667,6,w,Snell Hall
2016-12-09 03:47:10,2016-12-09 04:21:00,0,3.5,6,w,Snell Hall
2016-12-09 11:28:00,2016-12-09 12:02:30,4.0,0.0,6,w,Snell Hall
2016-12-09 17:56:30,2016-12-09 18:31:00,6.5,4.66666666667,6,w,Snell Hall
2016-12-09 21:31:30,2016-12-09 22:06:00,0,1.16666666667,6,w,Snell Hall
2016-12-09 22:13:00,2016-12-09 22:47:10,11.0,6.5,6,w,Snell Hall
2016-12-10 00:01:13,2016-12-10 00:35:32,3.5,6.13333333333,6,w,Snell Hall
2016-09-24 13:19:45,2016-09-24 13:55:15,4.25,0.25,7,w,Snell Hall
2016-09-26 18:01:00,2016-09-26 18:35:30,1.75,14.25,7,w,Snell Hall
2016-09-26 19:15:30,2016-09-26 19:50:00,2.75,0.25,7,w,Snell Hall
2016-09-28 15:06:00,2016-09-28 15:41:00,0,1.08333333333,7,w,Snell Hall
2016-09-28 15:42:30,2016-09-28 16:17:15,0,0.25,7,w,Snell Hall
2016-09-28 20:42:40,2016-09-28 21:18:10,2.5,10.8333333333,7,w,Snell Hall
2016-09-30 01:16:00,2016-09-30 01:50:30,0,19.6666666667,7,w,Snell Hall
2016-09-30 11:11:10,2016-09-30 11:45:40,5.5,24.5,7,w,Snell Hall
2016-10-01 15:10:30,2016-10-01 15:44:00,5.5,0.0,7,w,Snell Hall
2016-10-01 15:57:00,2016-10-01 16:30:35,10.4166666667,1.16666666667,7,w,Snell Hall
2016-10-01 16:49:00,2016-10-01 17:22:30,0.5,2.5,7,w,Snell Hall
2016-10-01 17:30:00,2016-10-01 18:03:30,2.08333333333,0.0,7,w,Snell Hall
2016-10-01 18:21:00,2016-10-01 18:54:30,7.5,1.16666666667,7,w,Snell Hall
2016-10-01 20:19:10,2016-10-01 20:52:30,2.5,19.6666666667,7,w,Snell Hall
2016-10-02 07:17:40,2016-10-02 07:51:30,0,1.58333333333,7,w,Snell Hall
2016-10-02 09:36:30,2016-10-02 10:11:00,0.5,0.5,7,w,Snell Hall
2016-10-02 11:16:30,2016-10-02 11:49:41,0,2.83333333333,7,w,Snell Hall
2016-10-03 19:11:10,2016-10-03 19:45:40,3.33333333333,12.1666666667,7,w,Snell Hall
2016-10-03 20:03:00,2016-10-03 20:37:10,0,24.8333333333,7,w,Snell Hall
2016-10-04 16:11:00,2016-10-04 16:45:30,4.5,1.0,7,w,Snell Hall
2016-10-04 18:12:40,2016-10-04 18:45:30,0,180.5,7,w,Snell Hall
2016-10-04 22:14:30,2016-10-04 22:49:00,12.0,0.0,7,w,Snell Hall
2016-10-05 06:31:30,2016-10-05 07:05:00,1.5,3.5,7,w,Snell Hall
2016-10-05 16:04:40,2016-10-05 16:38:10,10.85,4.65,7,w,Snell Hall
2016-10-05 20:52:30,2016-10-05 21:26:00,0.166666666667,4.33333333333,7,w,Snell Hall
2016-10-06 13:18:15,2016-10-06 13:52:40,0.5,0.333333333333,7,w,Snell Hall
2016-10-06 15:09:40,2016-10-06 15:44:10,1.41666666667,4.91666666667,7,w,Snell Hall
2016-10-06 19:13:30,2016-10-06 19:48:05,0,20.5833333333,7,w,Snell Hall
2016-10-06 22:33:10,2016-10-06 23:07:40,1.33333333333,36.6666666667,7,w,Snell Hall
2016-10-07 12:36:00,2016-10-07 13:09:30,3.5,0.5,7,w,Snell Hall
2016-10-07 14:39:30,2016-10-07 15:13:00,0,1.5,7,w,Snell Hall
2016-10-08 11:52:10,2016-10-08 12:25:35,3.41666666667,4.0,7,w,Snell Hall
2016-10-08 13:03:10,2016-10-08 13:36:40,3.5,0.0,7,w,Snell Hall
2016-10-08 13:46:10,2016-10-08 14:19:40,3.33333333333,5.5,7,w,Snell Hall
2016-10-08 14:48:30,2016-10-08 15:22:00,2.16666666667,9.83333333333,7,w,Snell Hall
2016-10-08 17:03:00,2016-10-08 17:36:30,9.08333333333,14.0166666667,7,w,Snell Hall
2016-10-08 17:59:40,2016-10-08 18:33:43,12.95,331.483333333,7,w,Snell Hall
2016-10-09 02:09:00,2016-10-09 02:42:30,1.5,4.5,7,w,Snell Hall
2016-10-09 08:09:00,2016-10-09 08:42:30,0.5,0.5,7,w,Snell Hall
2016-10-09 10:12:01,2016-10-09 10:45:30,2.16666666667,0.0,7,w,Snell Hall
2016-10-09 11:38:00,2016-10-09 12:11:10,2.83333333333,6.66666666667,7,w,Snell Hall
2016-10-09 12:54:40,2016-10-09 13:28:02,1.0,5.98333333333,7,w,Snell Hall
2016-10-09 15:08:30,2016-10-09 15:41:40,3.83333333333,11.1666666667,7,w,Snell Hall
2016-10-09 16:00:00,2016-10-09 16:33:30,2.66666666667,0.0,7,w,Snell Hall
2016-10-10 19:38:00,2016-10-10 20:13:00,0,31.0,7,w,Snell Hall
2016-10-10 23:32:30,2016-10-11 00:07:45,2.36666666667,10.0666666667,7,w,Snell Hall
2016-10-12 11:44:40,2016-10-12 12:20:00,1.0,99.0,7,w,Snell Hall
2016-10-12 18:52:00,2016-10-12 19:11:30,0.166666666667,18.8333333333,7,w,Snell Hall
2016-10-13 12:12:30,2016-10-13 12:48:00,3.0,0.0,7,w,Snell Hall
2016-10-13 13:38:00,2016-10-13 14:13:00,0,61.0,7,w,Snell Hall
2016-10-14 18:56:40,2016-10-14 19:32:10,3.5,30.3333333333,7,w,Snell Hall
2016-10-15 10:35:30,2016-10-15 11:10:31,0,4.65,7,w,Snell Hall
2016-10-15 12:54:00,2016-10-15 13:29:10,0,2.83333333333,7,w,Snell Hall
2016-10-15 13:52:30,2016-10-15 14:28:00,8.66666666667,30.3333333333,7,w,Snell Hall
2016-10-15 16:43:10,2016-10-15 17:18:40,9.33333333333,52.0,7,w,Snell Hall
2016-10-15 19:37:00,2016-10-15 20:11:10,0,21.3333333333,7,w,Snell Hall
2016-10-15 20:45:00,2016-10-15 21:18:40,0,2.33333333333,7,w,Snell Hall
2016-10-16 07:14:30,2016-10-16 07:47:30,0,5.5,7,w,Snell Hall
2016-10-16 09:47:10,2016-10-16 10:22:00,0,1.0,7,w,Snell Hall
2016-10-16 12:17:30,2016-10-16 12:52:40,0.833333333333,26.0,7,w,Snell Hall
2016-10-16 19:35:10,2016-10-16 20:10:41,1.31666666667,2.0,7,w,Snell Hall
2016-10-17 11:40:30,2016-10-17 12:15:10,0,53.8333333333,7,w,Snell Hall
2016-10-18 08:56:40,2016-10-18 09:31:00,0,8.66666666667,7,w,Snell Hall
2016-10-18 18:24:00,2016-10-18 18:58:30,3.16666666667,0.0,7,w,Snell Hall
2016-10-18 22:15:30,2016-10-18 22:50:00,3.0,3.5,7,w,Snell Hall
2016-10-18 23:01:30,2016-10-18 23:36:00,1.0,1.58333333333,7,w,Snell Hall
2016-10-20 11:26:10,2016-10-20 12:00:30,0,5.0,7,w,Snell Hall
2016-10-21 22:42:10,2016-10-21 23:16:30,0,8.5,7,w,Snell Hall
2016-10-22 13:03:00,2016-10-22 13:37:30,1.5,21.0,7,w,Snell Hall
2016-10-22 18:58:40,2016-10-22 19:33:10,3.0,0.333333333333,7,w,Snell Hall
2016-10-22 20:43:00,2016-10-22 21:17:30,3.5,2.16666666667,7,w,Snell Hall
2016-10-23 12:36:00,2016-10-23 13:10:30,0.166666666667,8.0,7,w,Snell Hall
2016-10-23 13:26:10,2016-10-23 14:00:31,0,32.15,7,w,Snell Hall
2016-10-23 16:42:00,2016-10-23 17:10:30,0.0,0.0,7,w,Snell Hall
2016-10-23 17:13:15,2016-10-23 17:48:00,2.16666666667,6.0,7,w,Snell Hall
2016-10-23 18:38:00,2016-10-23 19:12:30,0.75,27.25,7,w,Snell Hall
2016-10-23 20:44:00,2016-10-23 21:16:40,0,9.08333333333,7,w,Snell Hall
2016-10-24 01:04:30,2016-10-24 01:39:00,9.66666666667,4.5,7,w,Snell Hall
2016-10-24 18:29:10,2016-10-24 19:02:30,1.5,1.0,7,w,Snell Hall
2016-10-24 19:44:00,2016-10-24 20:17:10,0.333333333333,5.0,7,w,Snell Hall
2016-10-25 08:52:30,2016-10-25 09:27:00,1.16666666667,2.0,7,w,Snell Hall
2016-10-25 21:32:30,2016-10-25 22:07:00,2.16666666667,10.3333333333,7,w,Snell Hall
2016-10-26 19:09:30,2016-10-26 19:43:00,2.16666666667,178.333333333,7,w,Snell Hall
2016-10-26 22:44:40,2016-10-26 23:18:10,2.33333333333,27.5,7,w,Snell Hall
2016-10-27 05:11:11,2016-10-27 05:44:40,0.833333333333,6.5,7,w,Snell Hall
2016-10-27 10:54:40,2016-10-27 11:28:00,8.16666666667,0.333333333333,7,w,Snell Hall
2016-10-27 15:06:00,2016-10-27 15:39:30,2.0,16.0,7,w,Snell Hall
2016-10-27 21:35:10,2016-10-27 22:08:40,1.33333333333,7.5,7,w,Snell Hall
2016-10-28 00:24:40,2016-10-28 00:58:30,2.5,255.666666667,7,w,Snell Hall
2016-10-28 05:47:00,2016-10-28 06:21:30,1.5,2.16666666667,7,w,Snell Hall
2016-10-28 15:41:05,2016-10-28 16:15:30,3.0,26.5,7,w,Snell Hall
2016-10-28 18:24:00,2016-10-28 18:58:10,11.8333333333,3.66666666667,7,w,Snell Hall
2016-10-29 09:25:40,2016-10-29 10:00:10,0.333333333333,9.5,7,w,Snell Hall
2016-10-29 10:43:40,2016-10-29 11:18:10,1.33333333333,34.5,7,w,Snell Hall
2016-10-29 16:42:00,2016-10-29 17:16:30,0,8.66666666667,7,w,Snell Hall
2016-10-29 19:57:00,2016-10-29 20:31:30,1.0,4.0,7,w,Snell Hall
2016-10-29 21:12:00,2016-10-29 21:46:30,6.5,0.0,7,w,Snell Hall
2016-10-29 22:32:30,2016-10-29 23:06:40,0.333333333333,94.5,7,w,Snell Hall
2016-10-30 08:20:30,2016-10-30 08:53:35,0,2.08333333333,7,w,Snell Hall
2016-10-30 09:03:00,2016-10-30 09:38:30,6.5,2.16666666667,7,w,Snell Hall
2016-10-30 19:52:30,2016-10-30 20:20:00,0,18.6666666667,7,w,Snell Hall
2016-10-30 22:28:30,2016-10-30 23:03:30,0,5.0,7,w,Snell Hall
2016-10-31 13:22:00,2016-10-31 13:56:30,0.5,33.0,7,w,Snell Hall
2016-10-31 18:01:00,2016-10-31 18:35:30,9.5,26.0,7,w,Snell Hall
2016-10-31 20:38:00,2016-10-31 21:12:30,1.16666666667,0.333333333333,7,w,Snell Hall
2016-11-01 10:35:00,2016-11-01 11:09:30,6.5,1.5,7,w,Snell Hall
2016-11-01 20:32:40,2016-11-01 21:07:10,10.3333333333,4.0,7,w,Snell Hall
2016-11-01 21:26:00,2016-11-01 22:00:30,16.5,6.5,7,w,Snell Hall
2016-11-01 22:46:00,2016-11-01 23:20:30,2.66666666667,22.8333333333,7,w,Snell Hall
2016-11-02 00:18:31,2016-11-02 00:51:30,5.5,0.166666666667,7,w,Snell Hall
2016-11-02 11:08:31,2016-11-02 11:44:00,8.5,28.0,7,w,Snell Hall
2016-11-02 12:59:30,2016-11-02 13:35:00,9.5,142.166666667,7,w,Snell Hall
2016-11-03 01:11:10,2016-11-03 01:46:30,1.0,6.5,7,w,Snell Hall
2016-11-03 14:49:10,2016-11-03 15:24:00,0,4.75,7,w,Snell Hall
2016-11-04 20:06:00,2016-11-04 20:41:30,2.0,3.5,7,w,Snell Hall
2016-11-04 22:44:00,2016-11-04 23:19:30,0.166666666667,13.8333333333,7,w,Snell Hall
2016-11-04 23:56:10,2016-11-05 00:32:11,0.816666666667,2.16666666667,7,w,Snell Hall
2016-11-05 10:33:00,2016-11-05 11:07:10,0.333333333333,5.5,7,w,Snell Hall
2016-11-05 19:45:30,2016-11-05 20:20:00,0.5,1.0,7,w,Snell Hall
2016-11-06 08:21:00,2016-11-06 08:54:30,0,1.16666666667,7,w,Snell Hall
2016-11-06 13:07:30,2016-11-06 13:42:00,2.66666666667,15.5,7,w,Snell Hall
2016-11-06 15:08:30,2016-11-06 15:43:00,0,19.0,7,w,Snell Hall
2016-11-06 19:59:10,2016-11-06 20:33:40,8.33333333333,43.5,7,w,Snell Hall
2016-11-06 21:55:40,2016-11-06 22:30:00,2.0,36.6666666667,7,w,Snell Hall
2016-11-06 23:10:30,2016-11-06 23:44:40,16.0,20.5833333333,7,w,Snell Hall
2016-11-07 15:38:00,2016-11-07 16:12:10,6.33333333333,0.0,7,w,Snell Hall
2016-11-07 23:29:30,2016-11-08 00:04:31,0.566666666667,13.4166666667,7,w,Snell Hall
2016-11-09 13:12:30,2016-11-09 13:48:00,7.16666666667,8.83333333333,7,w,Snell Hall
2016-11-10 01:00:00,2016-11-10 01:35:30,2.16666666667,0.833333333333,7,w,Snell Hall
2016-11-10 05:21:30,2016-11-10 05:56:00,0,2.66666666667,7,w,Snell Hall
2016-11-10 10:45:00,2016-11-10 11:20:30,0.5,3.66666666667,7,w,Snell Hall
2016-11-10 11:41:30,2016-11-10 12:16:40,0,1.5,7,w,Snell Hall
2016-11-11 12:13:00,2016-11-11 12:47:30,0.666666666667,7.33333333333,7,w,Snell Hall
2016-11-11 21:07:00,2016-11-11 21:41:30,3.5,40.6666666667,7,w,Snell Hall
2016-11-11 22:55:40,2016-11-11 23:30:00,0.25,30.5,7,w,Snell Hall
2016-11-12 09:33:00,2016-11-12 10:07:30,2.5,11.5,7,w,Snell Hall
2016-11-12 18:53:30,2016-11-12 19:28:00,0.5,1.5,7,w,Snell Hall
2016-11-12 23:33:35,2016-11-13 00:07:46,3.53333333333,13.9666666667,7,w,Snell Hall
2016-11-13 07:34:30,2016-11-13 08:08:00,0,0.683333333333,7,w,Snell Hall
2016-11-13 09:43:10,2016-11-13 10:17:45,3.41666666667,14.3333333333,7,w,Snell Hall
2016-11-13 13:01:10,2016-11-13 13:35:40,0.5,2.0,7,w,Snell Hall
2016-11-13 15:10:30,2016-11-13 15:45:00,0.5,4.0,7,w,Snell Hall
2016-11-13 16:12:30,2016-11-13 16:47:00,0,14.0,7,w,Snell Hall
2016-11-13 17:06:40,2016-11-13 17:41:10,1.83333333333,15.5,7,w,Snell Hall
2016-11-13 18:02:00,2016-11-13 18:36:30,5.5,31.0,7,w,Snell Hall
2016-11-13 20:01:40,2016-11-13 20:36:10,2.83333333333,0.5,7,w,Snell Hall
2016-11-14 13:33:00,2016-11-14 14:07:30,6.16666666667,0.333333333333,7,w,Snell Hall
2016-11-14 15:07:40,2016-11-14 15:37:30,0,44.0,7,w,Snell Hall
2016-11-14 18:44:01,2016-11-14 19:18:10,5.0,3.5,7,w,Snell Hall
2016-11-15 07:03:40,2016-11-15 07:37:40,0,7.0,7,w,Snell Hall
2016-11-15 10:03:30,2016-11-15 10:38:00,3.0,3.0,7,w,Snell Hall
2016-11-15 13:22:10,2016-11-15 13:23:00,0,49.6666666667,7,w,Snell Hall
2016-11-15 14:15:00,2016-11-15 14:49:30,0.5,7.5,7,w,Snell Hall
2016-11-15 16:20:40,2016-11-15 16:55:10,0.5,34.8333333333,7,w,Snell Hall
2016-11-15 21:08:00,2016-11-15 21:09:00,0,23.0,7,w,Snell Hall
2016-11-15 21:33:00,2016-11-15 22:04:30,0.0,0.0,7,w,Snell Hall
2016-11-15 23:49:00,2016-11-16 00:23:36,2.5,5.93333333333,7,w,Snell Hall
2016-11-16 14:43:10,2016-11-16 15:17:40,3.41666666667,6.41666666667,7,w,Snell Hall
2016-11-17 14:06:40,2016-11-17 14:40:40,0,1.5,7,w,Snell Hall
2016-11-17 17:21:00,2016-11-17 17:55:30,4.16666666667,9.83333333333,7,w,Snell Hall
2016-11-18 15:50:10,2016-11-18 16:24:40,2.33333333333,27.6833333333,7,w,Snell Hall
2016-11-19 06:43:30,2016-11-19 07:17:40,2.33333333333,16.0,7,w,Snell Hall
2016-11-19 12:27:30,2016-11-19 13:02:00,3.5,190.666666667,7,w,Snell Hall
2016-11-19 16:41:30,2016-11-19 17:15:40,1.83333333333,25.25,7,w,Snell Hall
2016-11-19 18:37:10,2016-11-19 19:11:40,2.33333333333,66.6666666667,7,w,Snell Hall
2016-11-19 23:03:00,2016-11-19 23:37:10,11.3333333333,17.0,7,w,Snell Hall
2016-11-20 07:51:40,2016-11-20 08:26:00,8.0,411.666666667,7,w,Snell Hall
2016-11-20 16:46:00,2016-11-20 17:20:30,10.0,7.5,7,w,Snell Hall
2016-11-21 01:06:40,2016-11-21 01:41:10,1.0,12.8333333333,7,w,Snell Hall
2016-11-21 14:26:00,2016-11-21 15:00:30,1.66666666667,2.33333333333,7,w,Snell Hall
2016-11-21 16:00:00,2016-11-21 16:34:10,3.83333333333,104.0,7,w,Snell Hall
2016-11-21 20:48:40,2016-11-21 21:23:00,2.0,4.0,7,w,Snell Hall
2016-11-22 00:51:31,2016-11-22 01:25:00,0,0.5,7,w,Snell Hall
2016-11-22 16:45:40,2016-11-22 17:20:00,0.5,1.16666666667,7,w,Snell Hall
2016-11-23 16:23:40,2016-11-23 16:59:10,1.0,0.0,7,w,Snell Hall
2016-11-24 14:56:30,2016-11-24 15:31:30,0,327.666666667,7,w,Snell Hall
2016-11-24 21:05:00,2016-11-24 21:40:00,0,6.16666666667,7,w,Snell Hall
2016-11-25 18:25:40,2016-11-25 19:01:00,0,0.5,7,w,Snell Hall
2016-11-26 13:46:00,2016-11-26 14:21:30,0.666666666667,9.33333333333,7,w,Snell Hall
2016-11-26 16:43:00,2016-11-26 17:18:30,3.5,1.66666666667,7,w,Snell Hall
2016-11-27 14:57:00,2016-11-27 15:31:30,0,2.0,7,w,Snell Hall
2016-11-27 18:15:30,2016-11-27 18:45:00,0,0.5,7,w,Snell Hall
2016-11-27 19:15:10,2016-11-27 19:49:40,6.33333333333,0.5,7,w,Snell Hall
2016-11-27 20:42:00,2016-11-27 21:16:30,1.5,3.5,7,w,Snell Hall
2016-11-29 06:46:00,2016-11-29 07:20:30,0.5,1.75,7,w,Snell Hall
2016-11-29 18:38:10,2016-11-29 19:12:40,16.5,0.333333333333,7,w,Snell Hall
2016-11-30 19:32:30,2016-11-30 20:07:00,1.66666666667,0.333333333333,7,w,Snell Hall
2016-11-30 22:02:30,2016-11-30 22:37:00,0.666666666667,7.33333333333,7,w,Snell Hall
2016-12-01 09:25:40,2016-12-01 10:00:10,2.83333333333,5.5,7,w,Snell Hall
2016-12-01 12:01:00,2016-12-01 12:35:30,1.0,23.5,7,w,Snell Hall
2016-12-01 13:22:30,2016-12-01 13:55:30,0,17.5,7,w,Snell Hall
2016-12-01 15:43:00,2016-12-01 16:16:00,0,4.16666666667,7,w,Snell Hall
2016-12-02 13:16:40,2016-12-02 13:51:10,0.833333333333,78.0,7,w,Snell Hall
2016-12-02 18:36:30,2016-12-02 19:10:45,1.75,2.0,7,w,Snell Hall
2016-12-03 08:24:10,2016-12-03 08:58:40,1.5,10.3333333333,7,w,Snell Hall
2016-12-03 11:38:10,2016-12-03 12:12:40,1.33333333333,4.0,7,w,Snell Hall
2016-12-03 12:21:30,2016-12-03 12:56:00,0.166666666667,1.83333333333,7,w,Snell Hall
2016-12-03 19:07:40,2016-12-03 19:42:10,3.33333333333,6.0,7,w,Snell Hall
2016-12-04 08:33:00,2016-12-04 08:33:10,0,0.333333333333,7,w,Snell Hall
2016-12-09 23:08:00,2016-12-09 23:42:30,2.0,180.0,7,w,Snell Hall
